2026-03-16 13:40:53,413 - default_logger - DEBUG - currlabel row 0
2026-03-16 13:40:53,413 - default_logger - DEBUG - currlabel row 1
2026-03-16 13:40:53,413 - default_logger - DEBUG - currlabel row 2
2026-03-16 13:40:53,413 - default_logger - DEBUG - currlabel row 3
2026-03-16 13:40:53,413 - default_logger - DEBUG - currlabel row 4
2026-03-16 13:40:53,413 - default_logger - DEBUG - currlabel row 5
2026-03-16 13:40:53,413 - default_logger - DEBUG - best scores row BEST SCORE:
2026-03-16 13:40:53,413 - default_logger - DEBUG - best scores row LONGEST PLAYTIME (s):
2026-03-16 13:40:53,413 - default_logger - DEBUG - best scores row SHORTEST TIME INTERVAL (ms):
2026-03-16 13:40:53,413 - default_logger - DEBUG - best scores row AVG REACTION TIME (ms):
2026-03-16 13:40:53,413 - default_logger - DEBUG - best scores row TOTAL CLICKS RECORDED:
2026-03-16 13:40:53,470 - default_logger - DEBUG - Update best stats variables.
2026-03-16 13:40:53,521 - default_logger - DEBUG - Update best stats variables.
2026-03-16 13:40:53,560 - default_logger - DEBUG - Update best stats variables.
2026-03-16 13:40:53,603 - default_logger - DEBUG - Update best stats variables.
2026-03-16 13:40:53,637 - default_logger - DEBUG - Update best stats variables.
2026-03-16 13:40:53,670 - default_logger - DEBUG - Update best stats variables.
2026-03-16 13:40:53,705 - default_logger - DEBUG - Update best stats variables.
2026-03-16 13:40:53,736 - default_logger - DEBUG - Update best stats variables.
2026-03-16 13:40:53,766 - default_logger - DEBUG - Update best stats variables.
2026-03-16 13:40:53,803 - default_logger - DEBUG - Update best stats variables.
2026-03-16 13:40:53,848 - default_logger - DEBUG - Update best stats variables.
2026-03-16 13:40:53,881 - default_logger - DEBUG - Update best stats variables.
2026-03-16 13:40:53,914 - default_logger - DEBUG - Update best stats variables.
2026-03-16 13:40:53,948 - default_logger - DEBUG - Update best stats variables.
2026-03-16 13:40:53,982 - default_logger - DEBUG - Update best stats variables.
2026-03-16 13:40:54,018 - default_logger - DEBUG - Update best stats variables.
2026-03-16 13:40:54,064 - default_logger - DEBUG - Update best stats variables.
2026-03-16 13:40:54,094 - default_logger - DEBUG - Update best stats variables.
2026-03-16 13:40:54,125 - default_logger - DEBUG - Update best stats variables.
2026-03-16 13:40:54,159 - default_logger - DEBUG - Update best stats variables.
2026-03-16 13:40:54,199 - default_logger - DEBUG - Update best stats variables.
2026-03-16 13:40:54,243 - default_logger - DEBUG - Update best stats variables.
2026-03-16 13:40:54,275 - default_logger - DEBUG - Update best stats variables.
2026-03-16 13:40:54,320 - default_logger - DEBUG - Update best stats variables.
2026-03-16 13:40:54,350 - default_logger - DEBUG - Update best stats variables.
2026-03-16 13:40:54,380 - default_logger - DEBUG - Update best stats variables.
2026-03-16 13:40:54,414 - default_logger - DEBUG - Update best stats variables.
2026-03-16 13:40:54,459 - default_logger - DEBUG - Update best stats variables.
2026-03-16 13:40:54,492 - default_logger - DEBUG - Update best stats variables.
2026-03-16 13:40:54,527 - default_logger - DEBUG - Update best stats variables.
2026-03-16 13:40:54,559 - default_logger - DEBUG - Update best stats variables.
2026-03-16 13:40:54,591 - default_logger - DEBUG - Update best stats variables.
2026-03-16 13:40:54,630 - default_logger - DEBUG - Update best stats variables.
2026-03-16 13:40:54,662 - default_logger - DEBUG - Update best stats variables.
2026-03-16 13:40:54,693 - default_logger - DEBUG - Update best stats variables.
2026-03-16 13:40:54,721 - default_logger - DEBUG - Initializing game.
2026-03-16 13:40:54,721 - default_logger - DEBUG - Initializing game.
2026-03-16 13:40:54,721 - default_logger - DEBUG - Initializing game.
2026-03-16 13:40:54,724 - default_logger - DEBUG - Update best stats variables.
2026-03-16 13:40:54,730 - default_logger - DEBUG - wink the star icon.
2026-03-16 13:40:54,749 - default_logger - DEBUG - wink the star icon.
2026-03-16 13:40:54,754 - default_logger - DEBUG - Update best stats variables.
2026-03-16 13:40:54,769 - default_logger - DEBUG - wink the star icon.
2026-03-16 13:40:54,790 - default_logger - DEBUG - wink the star icon.
2026-03-16 13:40:54,799 - default_logger - DEBUG - Update best stats variables.
2026-03-16 13:40:54,809 - default_logger - DEBUG - wink the star icon.
2026-03-16 13:40:54,840 - default_logger - DEBUG - Update best stats variables.
2026-03-16 13:40:54,878 - default_logger - DEBUG - Update best stats variables.
2026-03-16 13:40:54,910 - default_logger - DEBUG - Update best stats variables.
2026-03-16 13:40:54,950 - default_logger - DEBUG - Update best stats variables.
2026-03-16 13:40:54,982 - default_logger - DEBUG - Update best stats variables.
2026-03-16 13:40:55,027 - default_logger - DEBUG - Update best stats variables.
2026-03-16 13:40:55,058 - default_logger - DEBUG - Update best stats variables.
2026-03-16 13:40:55,097 - default_logger - DEBUG - Update best stats variables.
2026-03-16 13:40:55,139 - default_logger - DEBUG - Update best stats variables.
2026-03-16 13:40:55,170 - default_logger - DEBUG - Update best stats variables.
2026-03-16 13:40:55,204 - default_logger - DEBUG - Update best stats variables.
2026-03-16 13:40:55,230 - default_logger - DEBUG - wink the star icon.
2026-03-16 13:40:55,237 - default_logger - DEBUG - Update best stats variables.
2026-03-16 13:40:55,249 - default_logger - DEBUG - wink the star icon.
2026-03-16 13:40:55,269 - default_logger - DEBUG - wink the star icon.
2026-03-16 13:40:55,280 - default_logger - DEBUG - Update best stats variables.
2026-03-16 13:40:55,289 - default_logger - DEBUG - wink the star icon.
2026-03-16 13:40:55,309 - default_logger - DEBUG - wink the star icon.
2026-03-16 13:40:55,317 - default_logger - DEBUG - Update best stats variables.
2026-03-16 13:40:55,349 - default_logger - DEBUG - Update best stats variables.
2026-03-16 13:40:55,382 - default_logger - DEBUG - Update best stats variables.
2026-03-16 13:40:55,414 - default_logger - DEBUG - Update best stats variables.
2026-03-16 13:40:55,447 - default_logger - DEBUG - Update best stats variables.
2026-03-16 13:40:55,479 - default_logger - DEBUG - Update best stats variables.
2026-03-16 13:40:55,512 - default_logger - DEBUG - Update best stats variables.
2026-03-16 13:40:55,553 - default_logger - DEBUG - Update best stats variables.
2026-03-16 13:40:55,583 - default_logger - DEBUG - Update best stats variables.
2026-03-16 13:40:55,626 - default_logger - DEBUG - Update best stats variables.
2026-03-16 13:40:55,656 - default_logger - DEBUG - Update best stats variables.
2026-03-16 13:40:55,688 - default_logger - DEBUG - Update best stats variables.
2026-03-16 13:40:55,729 - default_logger - DEBUG - wink the star icon.
2026-03-16 13:40:55,731 - default_logger - DEBUG - Update best stats variables.
2026-03-16 13:40:55,750 - default_logger - DEBUG - wink the star icon.
2026-03-16 13:40:55,761 - default_logger - DEBUG - Update best stats variables.
2026-03-16 13:40:55,771 - default_logger - DEBUG - wink the star icon.
2026-03-16 13:40:55,790 - default_logger - DEBUG - wink the star icon.
2026-03-16 13:40:55,790 - default_logger - DEBUG - Update best stats variables.
2026-03-16 13:40:55,809 - default_logger - DEBUG - wink the star icon.
2026-03-16 13:40:55,826 - default_logger - DEBUG - Update best stats variables.
2026-03-16 13:40:55,860 - default_logger - DEBUG - Update best stats variables.
2026-03-16 13:40:55,903 - default_logger - DEBUG - Update best stats variables.
2026-03-16 13:40:55,935 - default_logger - DEBUG - Update best stats variables.
2026-03-16 13:40:55,975 - default_logger - DEBUG - Update best stats variables.
2026-03-16 13:40:56,007 - default_logger - DEBUG - Update best stats variables.
2026-03-16 13:40:56,038 - default_logger - DEBUG - Update best stats variables.
2026-03-16 13:40:56,075 - default_logger - DEBUG - Update best stats variables.
2026-03-16 13:40:56,118 - default_logger - DEBUG - Update best stats variables.
2026-03-16 13:40:56,158 - default_logger - DEBUG - Update best stats variables.
2026-03-16 13:40:56,194 - default_logger - DEBUG - Update best stats variables.
2026-03-16 13:40:56,227 - default_logger - DEBUG - Update best stats variables.
2026-03-16 13:40:56,230 - default_logger - DEBUG - wink the star icon.
2026-03-16 13:40:56,251 - default_logger - DEBUG - wink the star icon.
2026-03-16 13:40:56,258 - default_logger - DEBUG - Update best stats variables.
2026-03-16 13:40:56,270 - default_logger - DEBUG - wink the star icon.
2026-03-16 13:40:56,289 - default_logger - DEBUG - Update best stats variables.
2026-03-16 13:40:56,291 - default_logger - DEBUG - wink the star icon.
2026-03-16 13:40:56,311 - default_logger - DEBUG - wink the star icon.
2026-03-16 13:40:56,326 - default_logger - DEBUG - Update best stats variables.
2026-03-16 13:40:56,359 - default_logger - DEBUG - Update best stats variables.
2026-03-16 13:40:56,392 - default_logger - DEBUG - Update best stats variables.
2026-03-16 13:40:56,429 - default_logger - DEBUG - Update best stats variables.
2026-03-16 13:40:56,458 - default_logger - DEBUG - Update best stats variables.
2026-03-16 13:40:56,490 - default_logger - DEBUG - Update best stats variables.
2026-03-16 13:40:56,529 - default_logger - DEBUG - Update best stats variables.
2026-03-16 13:40:56,570 - default_logger - DEBUG - Update best stats variables.
2026-03-16 13:40:56,602 - default_logger - DEBUG - Update best stats variables.
2026-03-16 13:40:56,646 - default_logger - DEBUG - Update best stats variables.
2026-03-16 13:40:56,683 - default_logger - DEBUG - Update best stats variables.
2026-03-16 13:40:56,713 - default_logger - DEBUG - Update best stats variables.
2026-03-16 13:40:56,730 - default_logger - DEBUG - wink the star icon.
2026-03-16 13:40:56,745 - default_logger - DEBUG - Update best stats variables.
2026-03-16 13:40:56,751 - default_logger - DEBUG - wink the star icon.
2026-03-16 13:40:56,770 - default_logger - DEBUG - wink the star icon.
2026-03-16 13:40:56,776 - default_logger - DEBUG - Update best stats variables.
2026-03-16 13:40:56,790 - default_logger - DEBUG - wink the star icon.
2026-03-16 13:40:56,807 - default_logger - DEBUG - Update best stats variables.
2026-03-16 13:40:56,810 - default_logger - DEBUG - wink the star icon.
2026-03-16 13:40:56,850 - default_logger - DEBUG - Update best stats variables.
2026-03-16 13:40:56,880 - default_logger - DEBUG - Update best stats variables.
2026-03-16 13:40:56,911 - default_logger - DEBUG - Update best stats variables.
2026-03-16 13:40:56,952 - default_logger - DEBUG - Update best stats variables.
2026-03-16 13:40:56,982 - default_logger - DEBUG - Update best stats variables.
2026-03-16 13:40:57,015 - default_logger - DEBUG - Update best stats variables.
2026-03-16 13:40:57,046 - default_logger - DEBUG - Update best stats variables.
2026-03-16 13:40:57,076 - default_logger - DEBUG - Update best stats variables.
2026-03-16 13:40:57,118 - default_logger - DEBUG - Update best stats variables.
2026-03-16 13:40:57,151 - default_logger - DEBUG - Update best stats variables.
2026-03-16 13:40:57,181 - default_logger - DEBUG - Update best stats variables.
2026-03-16 13:40:57,222 - default_logger - DEBUG - Update best stats variables.
2026-03-16 13:40:57,230 - default_logger - DEBUG - wink the star icon.
2026-03-16 13:40:57,250 - default_logger - DEBUG - wink the star icon.
2026-03-16 13:40:57,256 - default_logger - DEBUG - Update best stats variables.
2026-03-16 13:40:57,271 - default_logger - DEBUG - wink the star icon.
2026-03-16 13:40:57,290 - default_logger - DEBUG - wink the star icon.
2026-03-16 13:40:57,292 - default_logger - DEBUG - Update best stats variables.
2026-03-16 13:40:57,311 - default_logger - DEBUG - wink the star icon.
2026-03-16 13:40:57,330 - default_logger - DEBUG - Update best stats variables.
2026-03-16 13:40:57,372 - default_logger - DEBUG - Update best stats variables.
2026-03-16 13:40:57,403 - default_logger - DEBUG - Update best stats variables.
2026-03-16 13:40:57,437 - default_logger - DEBUG - Update best stats variables.
2026-03-16 13:40:57,469 - default_logger - DEBUG - Update best stats variables.
2026-03-16 13:40:57,508 - default_logger - DEBUG - Update best stats variables.
2026-03-16 13:40:57,540 - default_logger - DEBUG - Update best stats variables.
2026-03-16 13:40:57,582 - default_logger - DEBUG - Update best stats variables.
2026-03-16 13:40:57,614 - default_logger - DEBUG - Update best stats variables.
2026-03-16 13:40:57,645 - default_logger - DEBUG - Update best stats variables.
2026-03-16 13:40:57,679 - default_logger - DEBUG - Update best stats variables.
2026-03-16 13:40:57,714 - default_logger - DEBUG - Update best stats variables.
2026-03-16 13:40:57,731 - default_logger - DEBUG - wink the star icon.
2026-03-16 13:40:57,745 - default_logger - DEBUG - Update best stats variables.
2026-03-16 13:40:57,751 - default_logger - DEBUG - wink the star icon.
2026-03-16 13:40:57,771 - default_logger - DEBUG - wink the star icon.
2026-03-16 13:40:57,781 - default_logger - DEBUG - Update best stats variables.
2026-03-16 13:40:57,791 - default_logger - DEBUG - wink the star icon.
2026-03-16 13:40:57,811 - default_logger - DEBUG - wink the star icon.
2026-03-16 13:40:57,818 - default_logger - DEBUG - Update best stats variables.
2026-03-16 13:40:57,849 - default_logger - DEBUG - Update best stats variables.
2026-03-16 13:40:57,890 - default_logger - DEBUG - Update best stats variables.
2026-03-16 13:40:57,932 - default_logger - DEBUG - Update best stats variables.
2026-03-16 13:40:57,971 - default_logger - DEBUG - Update best stats variables.
2026-03-16 13:40:58,002 - default_logger - DEBUG - Update best stats variables.
2026-03-16 13:40:58,034 - default_logger - DEBUG - Update best stats variables.
2026-03-16 13:40:58,062 - default_logger - DEBUG - Update best stats variables.
2026-03-16 13:40:58,101 - default_logger - DEBUG - Update best stats variables.
2026-03-16 13:40:58,141 - default_logger - DEBUG - Update best stats variables.
2026-03-16 13:40:58,174 - default_logger - DEBUG - Update best stats variables.
2026-03-16 13:40:58,206 - default_logger - DEBUG - Update best stats variables.
2026-03-16 13:40:58,230 - default_logger - DEBUG - wink the star icon.
2026-03-16 13:40:58,243 - default_logger - DEBUG - Update best stats variables.
2026-03-16 13:40:58,251 - default_logger - DEBUG - wink the star icon.
2026-03-16 13:40:58,271 - default_logger - DEBUG - wink the star icon.
2026-03-16 13:40:58,285 - default_logger - DEBUG - Update best stats variables.
2026-03-16 13:40:58,291 - default_logger - DEBUG - wink the star icon.
2026-03-16 13:40:58,311 - default_logger - DEBUG - wink the star icon.
2026-03-16 13:40:58,327 - default_logger - DEBUG - Update best stats variables.
2026-03-16 13:40:58,359 - default_logger - DEBUG - Update best stats variables.
2026-03-16 13:40:58,390 - default_logger - DEBUG - Update best stats variables.
2026-03-16 13:40:58,423 - default_logger - DEBUG - Update best stats variables.
2026-03-16 13:40:58,454 - default_logger - DEBUG - Update best stats variables.
2026-03-16 13:40:58,496 - default_logger - DEBUG - Update best stats variables.
2026-03-16 13:40:58,526 - default_logger - DEBUG - Update best stats variables.
2026-03-16 13:40:58,557 - default_logger - DEBUG - Update best stats variables.
2026-03-16 13:40:58,589 - default_logger - DEBUG - Update best stats variables.
2026-03-16 13:40:58,622 - default_logger - DEBUG - Update best stats variables.
2026-03-16 13:40:58,653 - default_logger - DEBUG - Update best stats variables.
2026-03-16 13:40:58,694 - default_logger - DEBUG - Update best stats variables.
2026-03-16 13:40:58,729 - default_logger - DEBUG - Update best stats variables.
2026-03-16 13:40:58,731 - default_logger - DEBUG - wink the star icon.
2026-03-16 13:40:58,752 - default_logger - DEBUG - wink the star icon.
2026-03-16 13:40:58,765 - default_logger - DEBUG - Update best stats variables.
2026-03-16 13:40:58,772 - default_logger - DEBUG - wink the star icon.
2026-03-16 13:40:58,791 - default_logger - DEBUG - wink the star icon.
2026-03-16 13:40:58,805 - default_logger - DEBUG - Update best stats variables.
2026-03-16 13:40:58,811 - default_logger - DEBUG - wink the star icon.
2026-03-16 13:40:58,841 - default_logger - DEBUG - Update best stats variables.
2026-03-16 13:40:58,876 - default_logger - DEBUG - Update best stats variables.
2026-03-16 13:40:58,917 - default_logger - DEBUG - Update best stats variables.
2026-03-16 13:40:58,960 - default_logger - DEBUG - Update best stats variables.
2026-03-16 13:40:58,990 - default_logger - DEBUG - Update best stats variables.
2026-03-16 13:40:59,022 - default_logger - DEBUG - Update best stats variables.
2026-03-16 13:40:59,061 - default_logger - DEBUG - Update best stats variables.
2026-03-16 13:40:59,092 - default_logger - DEBUG - Update best stats variables.
2026-03-16 13:40:59,124 - default_logger - DEBUG - Update best stats variables.
2026-03-16 13:40:59,152 - default_logger - DEBUG - Update best stats variables.
2026-03-16 13:40:59,195 - default_logger - DEBUG - Update best stats variables.
2026-03-16 13:40:59,229 - default_logger - DEBUG - Update best stats variables.
2026-03-16 13:40:59,232 - default_logger - DEBUG - wink the star icon.
2026-03-16 13:40:59,251 - default_logger - DEBUG - wink the star icon.
2026-03-16 13:40:59,260 - default_logger - DEBUG - Update best stats variables.
2026-03-16 13:40:59,271 - default_logger - DEBUG - wink the star icon.
2026-03-16 13:40:59,291 - default_logger - DEBUG - wink the star icon.
2026-03-16 13:40:59,303 - default_logger - DEBUG - Update best stats variables.
2026-03-16 13:40:59,312 - default_logger - DEBUG - wink the star icon.
2026-03-16 13:40:59,335 - default_logger - DEBUG - Update best stats variables.
2026-03-16 13:40:59,366 - default_logger - DEBUG - Update best stats variables.
2026-03-16 13:40:59,409 - default_logger - DEBUG - Update best stats variables.
2026-03-16 13:40:59,440 - default_logger - DEBUG - Update best stats variables.
2026-03-16 13:40:59,481 - default_logger - DEBUG - Update best stats variables.
2026-03-16 13:40:59,522 - default_logger - DEBUG - Update best stats variables.
2026-03-16 13:40:59,553 - default_logger - DEBUG - Update best stats variables.
2026-03-16 13:40:59,586 - default_logger - DEBUG - Update best stats variables.
2026-03-16 13:40:59,629 - default_logger - DEBUG - Update best stats variables.
2026-03-16 13:40:59,660 - default_logger - DEBUG - Update best stats variables.
2026-03-16 13:40:59,702 - default_logger - DEBUG - Update best stats variables.
2026-03-16 13:40:59,732 - default_logger - DEBUG - wink the star icon.
2026-03-16 13:40:59,743 - default_logger - DEBUG - Update best stats variables.
2026-03-16 13:40:59,751 - default_logger - DEBUG - wink the star icon.
2026-03-16 13:40:59,771 - default_logger - DEBUG - wink the star icon.
2026-03-16 13:40:59,785 - default_logger - DEBUG - Update best stats variables.
2026-03-16 13:40:59,792 - default_logger - DEBUG - wink the star icon.
2026-03-16 13:40:59,812 - default_logger - DEBUG - wink the star icon.
2026-03-16 13:40:59,820 - default_logger - DEBUG - Update best stats variables.
2026-03-16 13:40:59,854 - default_logger - DEBUG - Update best stats variables.
2026-03-16 13:40:59,884 - default_logger - DEBUG - Update best stats variables.
2026-03-16 13:40:59,915 - default_logger - DEBUG - Update best stats variables.
2026-03-16 13:40:59,947 - default_logger - DEBUG - Update best stats variables.
2026-03-16 13:40:59,960 - default_logger - DEBUG - Started game, blue button clicked.
2026-03-16 13:40:59,979 - default_logger - DEBUG - Update current game variables.
2026-03-16 13:40:59,979 - default_logger - DEBUG - first game starts. reset game vars display.
2026-03-16 13:41:00,019 - default_logger - DEBUG - Update current game variables.
2026-03-16 13:41:00,049 - default_logger - DEBUG - Update current game variables.
2026-03-16 13:41:00,080 - default_logger - DEBUG - Update current game variables.
2026-03-16 13:41:00,113 - default_logger - DEBUG - Update current game variables.
2026-03-16 13:41:00,144 - default_logger - DEBUG - Update current game variables.
2026-03-16 13:41:00,175 - default_logger - DEBUG - Update current game variables.
2026-03-16 13:41:00,207 - default_logger - DEBUG - Update current game variables.
2026-03-16 13:41:00,231 - default_logger - DEBUG - wink the star icon.
2026-03-16 13:41:00,239 - default_logger - DEBUG - Update current game variables.
2026-03-16 13:41:00,252 - default_logger - DEBUG - wink the star icon.
2026-03-16 13:41:00,270 - default_logger - DEBUG - Update current game variables.
2026-03-16 13:41:00,272 - default_logger - DEBUG - wink the star icon.
2026-03-16 13:41:00,292 - default_logger - DEBUG - wink the star icon.
2026-03-16 13:41:00,305 - default_logger - DEBUG - Update current game variables.
2026-03-16 13:41:00,312 - default_logger - DEBUG - wink the star icon.
2026-03-16 13:41:00,344 - default_logger - DEBUG - Update current game variables.
2026-03-16 13:41:00,381 - default_logger - DEBUG - Update current game variables.
2026-03-16 13:41:00,420 - default_logger - DEBUG - Update current game variables.
2026-03-16 13:41:00,450 - default_logger - DEBUG - Update current game variables.
2026-03-16 13:41:00,489 - default_logger - DEBUG - Update current game variables.
2026-03-16 13:41:00,520 - default_logger - DEBUG - Update current game variables.
2026-03-16 13:41:00,551 - default_logger - DEBUG - Update current game variables.
2026-03-16 13:41:00,581 - default_logger - DEBUG - Update current game variables.
2026-03-16 13:41:00,621 - default_logger - DEBUG - Update current game variables.
2026-03-16 13:41:00,662 - default_logger - DEBUG - Update current game variables.
2026-03-16 13:41:00,703 - default_logger - DEBUG - Update current game variables.
2026-03-16 13:41:00,733 - default_logger - DEBUG - wink the star icon.
2026-03-16 13:41:00,739 - default_logger - DEBUG - Update current game variables.
2026-03-16 13:41:00,752 - default_logger - DEBUG - wink the star icon.
2026-03-16 13:41:00,772 - default_logger - DEBUG - wink the star icon.
2026-03-16 13:41:00,781 - default_logger - DEBUG - Update current game variables.
2026-03-16 13:41:00,791 - default_logger - DEBUG - wink the star icon.
2026-03-16 13:41:00,813 - default_logger - DEBUG - wink the star icon.
2026-03-16 13:41:00,822 - default_logger - DEBUG - Update current game variables.
2026-03-16 13:41:00,866 - default_logger - DEBUG - Update current game variables.
2026-03-16 13:41:00,899 - default_logger - DEBUG - Update current game variables.
2026-03-16 13:41:00,938 - default_logger - DEBUG - Update current game variables.
2026-03-16 13:41:00,979 - default_logger - DEBUG - Update current game variables.
2026-03-16 13:41:01,021 - default_logger - DEBUG - Update current game variables.
2026-03-16 13:41:01,053 - default_logger - DEBUG - Update current game variables.
2026-03-16 13:41:01,084 - default_logger - DEBUG - Update current game variables.
2026-03-16 13:41:01,116 - default_logger - DEBUG - Update current game variables.
2026-03-16 13:41:01,148 - default_logger - DEBUG - Update current game variables.
2026-03-16 13:41:01,180 - default_logger - DEBUG - Update current game variables.
2026-03-16 13:41:01,225 - default_logger - DEBUG - Update current game variables.
2026-03-16 13:41:01,231 - default_logger - DEBUG - wink the star icon.
2026-03-16 13:41:01,252 - default_logger - DEBUG - wink the star icon.
2026-03-16 13:41:01,258 - default_logger - DEBUG - Update current game variables.
2026-03-16 13:41:01,273 - default_logger - DEBUG - wink the star icon.
2026-03-16 13:41:01,292 - default_logger - DEBUG - wink the star icon.
2026-03-16 13:41:01,292 - default_logger - DEBUG - Update current game variables.
2026-03-16 13:41:01,311 - default_logger - DEBUG - wink the star icon.
2026-03-16 13:41:01,324 - default_logger - DEBUG - Update current game variables.
2026-03-16 13:41:01,355 - default_logger - DEBUG - Update current game variables.
2026-03-16 13:41:01,394 - default_logger - DEBUG - Update current game variables.
2026-03-16 13:41:01,436 - default_logger - DEBUG - Update current game variables.
2026-03-16 13:41:01,475 - default_logger - DEBUG - Update current game variables.
2026-03-16 13:41:01,515 - default_logger - DEBUG - Update current game variables.
2026-03-16 13:41:01,549 - default_logger - DEBUG - Update current game variables.
2026-03-16 13:41:01,593 - default_logger - DEBUG - Update current game variables.
2026-03-16 13:41:01,634 - default_logger - DEBUG - Update current game variables.
2026-03-16 13:41:01,680 - default_logger - DEBUG - Update current game variables.
2026-03-16 13:41:01,711 - default_logger - DEBUG - Update current game variables.
2026-03-16 13:41:01,733 - default_logger - DEBUG - wink the star icon.
2026-03-16 13:41:01,744 - default_logger - DEBUG - Update current game variables.
2026-03-16 13:41:01,753 - default_logger - DEBUG - wink the star icon.
2026-03-16 13:41:01,771 - default_logger - DEBUG - wink the star icon.
2026-03-16 13:41:01,786 - default_logger - DEBUG - Update current game variables.
2026-03-16 13:41:01,792 - default_logger - DEBUG - wink the star icon.
2026-03-16 13:41:01,812 - default_logger - DEBUG - wink the star icon.
2026-03-16 13:41:01,821 - default_logger - DEBUG - Update current game variables.
2026-03-16 13:41:01,857 - default_logger - DEBUG - Update current game variables.
2026-03-16 13:41:01,895 - default_logger - DEBUG - Update current game variables.
2026-03-16 13:41:01,928 - default_logger - DEBUG - Update current game variables.
2026-03-16 13:41:01,967 - default_logger - DEBUG - Update current game variables.
2026-03-16 13:41:02,009 - default_logger - DEBUG - Update current game variables.
2026-03-16 13:41:02,051 - default_logger - DEBUG - Update current game variables.
2026-03-16 13:41:02,083 - default_logger - DEBUG - Update current game variables.
2026-03-16 13:41:02,114 - default_logger - DEBUG - Update current game variables.
2026-03-16 13:41:02,154 - default_logger - DEBUG - Update current game variables.
2026-03-16 13:41:02,188 - default_logger - DEBUG - Update current game variables.
2026-03-16 13:41:02,217 - default_logger - DEBUG - Update current game variables.
2026-03-16 13:41:02,233 - default_logger - DEBUG - wink the star icon.
2026-03-16 13:41:02,252 - default_logger - DEBUG - wink the star icon.
2026-03-16 13:41:02,258 - default_logger - DEBUG - Update current game variables.
2026-03-16 13:41:02,272 - default_logger - DEBUG - wink the star icon.
2026-03-16 13:41:02,293 - default_logger - DEBUG - wink the star icon.
2026-03-16 13:41:02,294 - default_logger - DEBUG - Update current game variables.
2026-03-16 13:41:02,313 - default_logger - DEBUG - wink the star icon.
2026-03-16 13:41:02,331 - default_logger - DEBUG - Update current game variables.
2026-03-16 13:41:02,369 - default_logger - DEBUG - Update current game variables.
2026-03-16 13:41:02,414 - default_logger - DEBUG - Update current game variables.
2026-03-16 13:41:02,444 - default_logger - DEBUG - Update current game variables.
2026-03-16 13:41:02,489 - default_logger - DEBUG - Update current game variables.
2026-03-16 13:41:02,532 - default_logger - DEBUG - Update current game variables.
2026-03-16 13:41:02,566 - default_logger - DEBUG - Update current game variables.
2026-03-16 13:41:02,606 - default_logger - DEBUG - Update current game variables.
2026-03-16 13:41:02,638 - default_logger - DEBUG - Update current game variables.
2026-03-16 13:41:02,667 - default_logger - DEBUG - Update current game variables.
2026-03-16 13:41:02,700 - default_logger - DEBUG - Update current game variables.
2026-03-16 13:41:02,723 - default_logger - DEBUG - Mole turn started. Mole is here.
2026-03-16 13:41:02,732 - default_logger - DEBUG - Update current game variables.
2026-03-16 13:41:02,733 - default_logger - DEBUG - wink the star icon.
2026-03-16 13:41:02,752 - default_logger - DEBUG - wink the star icon.
2026-03-16 13:41:02,772 - default_logger - DEBUG - wink the star icon.
2026-03-16 13:41:02,772 - default_logger - DEBUG - Update current game variables.
2026-03-16 13:41:02,792 - default_logger - DEBUG - wink the star icon.
2026-03-16 13:41:02,806 - default_logger - DEBUG - Update current game variables.
2026-03-16 13:41:02,812 - default_logger - DEBUG - wink the star icon.
2026-03-16 13:41:02,838 - default_logger - DEBUG - Update current game variables.
2026-03-16 13:41:02,868 - default_logger - DEBUG - Update current game variables.
2026-03-16 13:41:02,912 - default_logger - DEBUG - Update current game variables.
2026-03-16 13:41:02,955 - default_logger - DEBUG - Update current game variables.
2026-03-16 13:41:02,985 - default_logger - DEBUG - Update current game variables.
2026-03-16 13:41:03,018 - default_logger - DEBUG - Update current game variables.
2026-03-16 13:41:03,049 - default_logger - DEBUG - Update current game variables.
2026-03-16 13:41:03,083 - default_logger - DEBUG - Update current game variables.
2026-03-16 13:41:03,119 - default_logger - DEBUG - Update current game variables.
2026-03-16 13:41:03,152 - default_logger - DEBUG - Update current game variables.
2026-03-16 13:41:03,186 - default_logger - DEBUG - Update current game variables.
2026-03-16 13:41:03,226 - default_logger - DEBUG - Update current game variables.
2026-03-16 13:41:03,233 - default_logger - DEBUG - wink the star icon.
2026-03-16 13:41:03,253 - default_logger - DEBUG - wink the star icon.
2026-03-16 13:41:03,259 - default_logger - DEBUG - Update current game variables.
2026-03-16 13:41:03,260 - default_logger - DEBUG - Player successful hit!
2026-03-16 13:41:03,262 - default_logger - DEBUG - Player current score: 1
2026-03-16 13:41:03,262 - default_logger - DEBUG - Player current time int: 1900
2026-03-16 13:41:03,263 - default_logger - DEBUG - Player last reaction time in ms: 500
2026-03-16 13:41:03,264 - default_logger - DEBUG - Player current playtime in s: 0.53
2026-03-16 13:41:03,265 - default_logger - DEBUG - Player current clicks: 1
2026-03-16 13:41:03,265 - default_logger - DEBUG - Player turn over.
2026-03-16 13:41:03,273 - default_logger - DEBUG - wink the star icon.
2026-03-16 13:41:03,293 - default_logger - DEBUG - wink the star icon.
2026-03-16 13:41:03,296 - default_logger - DEBUG - Update current game variables.
2026-03-16 13:41:03,312 - default_logger - DEBUG - wink the star icon.
2026-03-16 13:41:03,337 - default_logger - DEBUG - Update current game variables.
2026-03-16 13:41:03,370 - default_logger - DEBUG - Update current game variables.
2026-03-16 13:41:03,409 - default_logger - DEBUG - Update current game variables.
2026-03-16 13:41:03,438 - default_logger - DEBUG - Update current game variables.
2026-03-16 13:41:03,468 - default_logger - DEBUG - Update current game variables.
2026-03-16 13:41:03,509 - default_logger - DEBUG - Update current game variables.
2026-03-16 13:41:03,553 - default_logger - DEBUG - Update current game variables.
2026-03-16 13:41:03,583 - default_logger - DEBUG - Update current game variables.
2026-03-16 13:41:03,622 - default_logger - DEBUG - Update current game variables.
2026-03-16 13:41:03,664 - default_logger - DEBUG - Update current game variables.
2026-03-16 13:41:03,697 - default_logger - DEBUG - Update current game variables.
2026-03-16 13:41:03,731 - default_logger - DEBUG - Update current game variables.
2026-03-16 13:41:03,733 - default_logger - DEBUG - wink the star icon.
2026-03-16 13:41:03,754 - default_logger - DEBUG - wink the star icon.
2026-03-16 13:41:03,774 - default_logger - DEBUG - wink the star icon.
2026-03-16 13:41:03,777 - default_logger - DEBUG - Update current game variables.
2026-03-16 13:41:03,793 - default_logger - DEBUG - wink the star icon.
2026-03-16 13:41:03,810 - default_logger - DEBUG - Update current game variables.
2026-03-16 13:41:03,813 - default_logger - DEBUG - wink the star icon.
2026-03-16 13:41:03,851 - default_logger - DEBUG - Update current game variables.
2026-03-16 13:41:03,882 - default_logger - DEBUG - Update current game variables.
2026-03-16 13:41:03,915 - default_logger - DEBUG - Update current game variables.
2026-03-16 13:41:03,946 - default_logger - DEBUG - Update current game variables.
2026-03-16 13:41:03,989 - default_logger - DEBUG - Update current game variables.
2026-03-16 13:41:04,026 - default_logger - DEBUG - Update current game variables.
2026-03-16 13:41:04,055 - default_logger - DEBUG - Update current game variables.
2026-03-16 13:41:04,087 - default_logger - DEBUG - Update current game variables.
2026-03-16 13:41:04,129 - default_logger - DEBUG - Update current game variables.
2026-03-16 13:41:04,168 - default_logger - DEBUG - Update current game variables.
2026-03-16 13:41:04,201 - default_logger - DEBUG - Update current game variables.
2026-03-16 13:41:04,229 - default_logger - DEBUG - Update current game variables.
2026-03-16 13:41:04,234 - default_logger - DEBUG - wink the star icon.
2026-03-16 13:41:04,253 - default_logger - DEBUG - wink the star icon.
2026-03-16 13:41:04,261 - default_logger - DEBUG - Update current game variables.
2026-03-16 13:41:04,273 - default_logger - DEBUG - wink the star icon.
2026-03-16 13:41:04,293 - default_logger - DEBUG - wink the star icon.
2026-03-16 13:41:04,294 - default_logger - DEBUG - Update current game variables.
2026-03-16 13:41:04,313 - default_logger - DEBUG - wink the star icon.
2026-03-16 13:41:04,330 - default_logger - DEBUG - Update current game variables.
2026-03-16 13:41:04,373 - default_logger - DEBUG - Update current game variables.
2026-03-16 13:41:04,411 - default_logger - DEBUG - Update current game variables.
2026-03-16 13:41:04,452 - default_logger - DEBUG - Update current game variables.
2026-03-16 13:41:04,497 - default_logger - DEBUG - Update current game variables.
2026-03-16 13:41:04,530 - default_logger - DEBUG - Update current game variables.
2026-03-16 13:41:04,564 - default_logger - DEBUG - Update current game variables.
2026-03-16 13:41:04,597 - default_logger - DEBUG - Update current game variables.
2026-03-16 13:41:04,627 - default_logger - DEBUG - Update current game variables.
2026-03-16 13:41:04,658 - default_logger - DEBUG - Update current game variables.
2026-03-16 13:41:04,690 - default_logger - DEBUG - Update current game variables.
2026-03-16 13:41:04,734 - default_logger - DEBUG - wink the star icon.
2026-03-16 13:41:04,735 - default_logger - DEBUG - Update current game variables.
2026-03-16 13:41:04,754 - default_logger - DEBUG - wink the star icon.
2026-03-16 13:41:04,765 - default_logger - DEBUG - Update current game variables.
2026-03-16 13:41:04,774 - default_logger - DEBUG - wink the star icon.
2026-03-16 13:41:04,793 - default_logger - DEBUG - wink the star icon.
2026-03-16 13:41:04,794 - default_logger - DEBUG - Update current game variables.
2026-03-16 13:41:04,813 - default_logger - DEBUG - wink the star icon.
2026-03-16 13:41:04,835 - default_logger - DEBUG - Update current game variables.
2026-03-16 13:41:04,870 - default_logger - DEBUG - Update current game variables.
2026-03-16 13:41:04,904 - default_logger - DEBUG - Update current game variables.
2026-03-16 13:41:04,940 - default_logger - DEBUG - Update current game variables.
2026-03-16 13:41:04,974 - default_logger - DEBUG - Update current game variables.
2026-03-16 13:41:05,017 - default_logger - DEBUG - Update current game variables.
2026-03-16 13:41:05,049 - default_logger - DEBUG - Update current game variables.
2026-03-16 13:41:05,080 - default_logger - DEBUG - Update current game variables.
2026-03-16 13:41:05,110 - default_logger - DEBUG - Update current game variables.
2026-03-16 13:41:05,124 - default_logger - DEBUG - Mole turn started. Mole is here.
2026-03-16 13:41:05,140 - default_logger - DEBUG - Update current game variables.
2026-03-16 13:41:05,179 - default_logger - DEBUG - Update current game variables.
2026-03-16 13:41:05,212 - default_logger - DEBUG - Update current game variables.
2026-03-16 13:41:05,234 - default_logger - DEBUG - wink the star icon.
2026-03-16 13:41:05,245 - default_logger - DEBUG - Update current game variables.
2026-03-16 13:41:05,253 - default_logger - DEBUG - wink the star icon.
2026-03-16 13:41:05,273 - default_logger - DEBUG - wink the star icon.
2026-03-16 13:41:05,276 - default_logger - DEBUG - Update current game variables.
2026-03-16 13:41:05,294 - default_logger - DEBUG - wink the star icon.
2026-03-16 13:41:05,308 - default_logger - DEBUG - Update current game variables.
2026-03-16 13:41:05,314 - default_logger - DEBUG - wink the star icon.
2026-03-16 13:41:05,339 - default_logger - DEBUG - Update current game variables.
2026-03-16 13:41:05,381 - default_logger - DEBUG - Update current game variables.
2026-03-16 13:41:05,420 - default_logger - DEBUG - Update current game variables.
2026-03-16 13:41:05,452 - default_logger - DEBUG - Update current game variables.
2026-03-16 13:41:05,490 - default_logger - DEBUG - Update current game variables.
2026-03-16 13:41:05,535 - default_logger - DEBUG - Update current game variables.
2026-03-16 13:41:05,568 - default_logger - DEBUG - Update current game variables.
2026-03-16 13:41:05,599 - default_logger - DEBUG - Update current game variables.
2026-03-16 13:41:05,631 - default_logger - DEBUG - Update current game variables.
2026-03-16 13:41:05,676 - default_logger - DEBUG - Update current game variables.
2026-03-16 13:41:05,720 - default_logger - DEBUG - Update current game variables.
2026-03-16 13:41:05,734 - default_logger - DEBUG - wink the star icon.
2026-03-16 13:41:05,739 - default_logger - DEBUG - Player successful hit!
2026-03-16 13:41:05,741 - default_logger - DEBUG - Player current score: 2
2026-03-16 13:41:05,742 - default_logger - DEBUG - Player current time int: 1800
2026-03-16 13:41:05,742 - default_logger - DEBUG - Player last reaction time in ms: 600
2026-03-16 13:41:05,743 - default_logger - DEBUG - Player current playtime in s: 1.14
2026-03-16 13:41:05,744 - default_logger - DEBUG - Player current clicks: 2
2026-03-16 13:41:05,746 - default_logger - DEBUG - Player turn over.
2026-03-16 13:41:05,753 - default_logger - DEBUG - Update current game variables.
2026-03-16 13:41:05,754 - default_logger - DEBUG - wink the star icon.
2026-03-16 13:41:05,773 - default_logger - DEBUG - wink the star icon.
2026-03-16 13:41:05,788 - default_logger - DEBUG - Update current game variables.
2026-03-16 13:41:05,794 - default_logger - DEBUG - wink the star icon.
2026-03-16 13:41:05,814 - default_logger - DEBUG - wink the star icon.
2026-03-16 13:41:05,828 - default_logger - DEBUG - Update current game variables.
2026-03-16 13:41:05,858 - default_logger - DEBUG - Update current game variables.
2026-03-16 13:41:05,895 - default_logger - DEBUG - Update current game variables.
2026-03-16 13:41:05,926 - default_logger - DEBUG - Update current game variables.
2026-03-16 13:41:05,960 - default_logger - DEBUG - Update current game variables.
2026-03-16 13:41:05,993 - default_logger - DEBUG - Update current game variables.
2026-03-16 13:41:06,027 - default_logger - DEBUG - Update current game variables.
2026-03-16 13:41:06,057 - default_logger - DEBUG - Update current game variables.
2026-03-16 13:41:06,099 - default_logger - DEBUG - Update current game variables.
2026-03-16 13:41:06,132 - default_logger - DEBUG - Update current game variables.
2026-03-16 13:41:06,167 - default_logger - DEBUG - Update current game variables.
2026-03-16 13:41:06,196 - default_logger - DEBUG - Update current game variables.
2026-03-16 13:41:06,226 - default_logger - DEBUG - Update current game variables.
2026-03-16 13:41:06,234 - default_logger - DEBUG - wink the star icon.
2026-03-16 13:41:06,254 - default_logger - DEBUG - wink the star icon.
2026-03-16 13:41:06,267 - default_logger - DEBUG - Update current game variables.
2026-03-16 13:41:06,275 - default_logger - DEBUG - wink the star icon.
2026-03-16 13:41:06,294 - default_logger - DEBUG - wink the star icon.
2026-03-16 13:41:06,304 - default_logger - DEBUG - Update current game variables.
2026-03-16 13:41:06,314 - default_logger - DEBUG - wink the star icon.
2026-03-16 13:41:06,337 - default_logger - DEBUG - Update current game variables.
2026-03-16 13:41:06,373 - default_logger - DEBUG - Update current game variables.
2026-03-16 13:41:06,405 - default_logger - DEBUG - Update current game variables.
2026-03-16 13:41:06,440 - default_logger - DEBUG - Update current game variables.
2026-03-16 13:41:06,474 - default_logger - DEBUG - Update current game variables.
2026-03-16 13:41:06,510 - default_logger - DEBUG - Update current game variables.
2026-03-16 13:41:06,542 - default_logger - DEBUG - Update current game variables.
2026-03-16 13:41:06,577 - default_logger - DEBUG - Update current game variables.
2026-03-16 13:41:06,607 - default_logger - DEBUG - Update current game variables.
2026-03-16 13:41:06,650 - default_logger - DEBUG - Update current game variables.
2026-03-16 13:41:06,680 - default_logger - DEBUG - Update current game variables.
2026-03-16 13:41:06,718 - default_logger - DEBUG - Update current game variables.
2026-03-16 13:41:06,735 - default_logger - DEBUG - wink the star icon.
2026-03-16 13:41:06,754 - default_logger - DEBUG - wink the star icon.
2026-03-16 13:41:06,757 - default_logger - DEBUG - Update current game variables.
2026-03-16 13:41:06,773 - default_logger - DEBUG - wink the star icon.
2026-03-16 13:41:06,788 - default_logger - DEBUG - Update current game variables.
2026-03-16 13:41:06,794 - default_logger - DEBUG - wink the star icon.
2026-03-16 13:41:06,814 - default_logger - DEBUG - wink the star icon.
2026-03-16 13:41:06,824 - default_logger - DEBUG - Update current game variables.
2026-03-16 13:41:06,866 - default_logger - DEBUG - Update current game variables.
2026-03-16 13:41:06,906 - default_logger - DEBUG - Update current game variables.
2026-03-16 13:41:06,943 - default_logger - DEBUG - Update current game variables.
2026-03-16 13:41:06,974 - default_logger - DEBUG - Update current game variables.
2026-03-16 13:41:07,015 - default_logger - DEBUG - Update current game variables.
2026-03-16 13:41:07,059 - default_logger - DEBUG - Update current game variables.
2026-03-16 13:41:07,093 - default_logger - DEBUG - Update current game variables.
2026-03-16 13:41:07,127 - default_logger - DEBUG - Update current game variables.
2026-03-16 13:41:07,160 - default_logger - DEBUG - Update current game variables.
2026-03-16 13:41:07,203 - default_logger - DEBUG - Update current game variables.
2026-03-16 13:41:07,235 - default_logger - DEBUG - wink the star icon.
2026-03-16 13:41:07,238 - default_logger - DEBUG - Update current game variables.
2026-03-16 13:41:07,254 - default_logger - DEBUG - wink the star icon.
2026-03-16 13:41:07,275 - default_logger - DEBUG - wink the star icon.
2026-03-16 13:41:07,283 - default_logger - DEBUG - Update current game variables.
2026-03-16 13:41:07,295 - default_logger - DEBUG - wink the star icon.
2026-03-16 13:41:07,314 - default_logger - DEBUG - wink the star icon.
2026-03-16 13:41:07,316 - default_logger - DEBUG - Update current game variables.
2026-03-16 13:41:07,355 - default_logger - DEBUG - Update current game variables.
2026-03-16 13:41:07,398 - default_logger - DEBUG - Update current game variables.
2026-03-16 13:41:07,432 - default_logger - DEBUG - Update current game variables.
2026-03-16 13:41:07,477 - default_logger - DEBUG - Update current game variables.
2026-03-16 13:41:07,510 - default_logger - DEBUG - Update current game variables.
2026-03-16 13:41:07,525 - default_logger - DEBUG - Mole turn started. Mole is here.
2026-03-16 13:41:07,544 - default_logger - DEBUG - Update current game variables.
2026-03-16 13:41:07,581 - default_logger - DEBUG - Update current game variables.
2026-03-16 13:41:07,615 - default_logger - DEBUG - Update current game variables.
2026-03-16 13:41:07,653 - default_logger - DEBUG - Update current game variables.
2026-03-16 13:41:07,684 - default_logger - DEBUG - Update current game variables.
2026-03-16 13:41:07,714 - default_logger - DEBUG - Update current game variables.
2026-03-16 13:41:07,734 - default_logger - DEBUG - wink the star icon.
2026-03-16 13:41:07,753 - default_logger - DEBUG - Update current game variables.
2026-03-16 13:41:07,754 - default_logger - DEBUG - wink the star icon.
2026-03-16 13:41:07,775 - default_logger - DEBUG - wink the star icon.
2026-03-16 13:41:07,785 - default_logger - DEBUG - Update current game variables.
2026-03-16 13:41:07,795 - default_logger - DEBUG - wink the star icon.
2026-03-16 13:41:07,815 - default_logger - DEBUG - wink the star icon.
2026-03-16 13:41:07,818 - default_logger - DEBUG - Update current game variables.
2026-03-16 13:41:07,859 - default_logger - DEBUG - Update current game variables.
2026-03-16 13:41:07,893 - default_logger - DEBUG - Update current game variables.
2026-03-16 13:41:07,927 - default_logger - DEBUG - Update current game variables.
2026-03-16 13:41:07,960 - default_logger - DEBUG - Update current game variables.
2026-03-16 13:41:07,981 - default_logger - DEBUG - Player successful hit!
2026-03-16 13:41:07,983 - default_logger - DEBUG - Player current score: 3
2026-03-16 13:41:07,983 - default_logger - DEBUG - Player current time int: 1700
2026-03-16 13:41:07,983 - default_logger - DEBUG - Player last reaction time in ms: 400
2026-03-16 13:41:07,985 - default_logger - DEBUG - Player current playtime in s: 1.59
2026-03-16 13:41:07,986 - default_logger - DEBUG - Player current clicks: 3
2026-03-16 13:41:07,987 - default_logger - DEBUG - Player turn over.
2026-03-16 13:41:07,994 - default_logger - DEBUG - Update current game variables.
2026-03-16 13:41:08,025 - default_logger - DEBUG - Update current game variables.
2026-03-16 13:41:08,059 - default_logger - DEBUG - Update current game variables.
2026-03-16 13:41:08,099 - default_logger - DEBUG - Update current game variables.
2026-03-16 13:41:08,132 - default_logger - DEBUG - Update current game variables.
2026-03-16 13:41:08,173 - default_logger - DEBUG - Update current game variables.
2026-03-16 13:41:08,205 - default_logger - DEBUG - Update current game variables.
2026-03-16 13:41:08,234 - default_logger - DEBUG - wink the star icon.
2026-03-16 13:41:08,248 - default_logger - DEBUG - Update current game variables.
2026-03-16 13:41:08,254 - default_logger - DEBUG - wink the star icon.
2026-03-16 13:41:08,275 - default_logger - DEBUG - wink the star icon.
2026-03-16 13:41:08,293 - default_logger - DEBUG - Update current game variables.
2026-03-16 13:41:08,295 - default_logger - DEBUG - wink the star icon.
2026-03-16 13:41:08,315 - default_logger - DEBUG - wink the star icon.
2026-03-16 13:41:08,328 - default_logger - DEBUG - Update current game variables.
2026-03-16 13:41:08,361 - default_logger - DEBUG - Update current game variables.
2026-03-16 13:41:08,403 - default_logger - DEBUG - Update current game variables.
2026-03-16 13:41:08,443 - default_logger - DEBUG - Update current game variables.
2026-03-16 13:41:08,477 - default_logger - DEBUG - Update current game variables.
2026-03-16 13:41:08,511 - default_logger - DEBUG - Update current game variables.
2026-03-16 13:41:08,545 - default_logger - DEBUG - Update current game variables.
2026-03-16 13:41:08,579 - default_logger - DEBUG - Update current game variables.
2026-03-16 13:41:08,612 - default_logger - DEBUG - Update current game variables.
2026-03-16 13:41:08,647 - default_logger - DEBUG - Update current game variables.
2026-03-16 13:41:08,678 - default_logger - DEBUG - Update current game variables.
2026-03-16 13:41:08,708 - default_logger - DEBUG - Update current game variables.
2026-03-16 13:41:08,734 - default_logger - DEBUG - wink the star icon.
2026-03-16 13:41:08,748 - default_logger - DEBUG - Update current game variables.
2026-03-16 13:41:08,755 - default_logger - DEBUG - wink the star icon.
2026-03-16 13:41:08,775 - default_logger - DEBUG - wink the star icon.
2026-03-16 13:41:08,781 - default_logger - DEBUG - Update current game variables.
2026-03-16 13:41:08,795 - default_logger - DEBUG - wink the star icon.
2026-03-16 13:41:08,813 - default_logger - DEBUG - Update current game variables.
2026-03-16 13:41:08,815 - default_logger - DEBUG - wink the star icon.
2026-03-16 13:41:08,845 - default_logger - DEBUG - Update current game variables.
2026-03-16 13:41:08,887 - default_logger - DEBUG - Update current game variables.
2026-03-16 13:41:08,930 - default_logger - DEBUG - Update current game variables.
2026-03-16 13:41:08,961 - default_logger - DEBUG - Update current game variables.
2026-03-16 13:41:08,992 - default_logger - DEBUG - Update current game variables.
2026-03-16 13:41:09,034 - default_logger - DEBUG - Update current game variables.
2026-03-16 13:41:09,068 - default_logger - DEBUG - Update current game variables.
2026-03-16 13:41:09,112 - default_logger - DEBUG - Update current game variables.
2026-03-16 13:41:09,142 - default_logger - DEBUG - Update current game variables.
2026-03-16 13:41:09,171 - default_logger - DEBUG - Update current game variables.
2026-03-16 13:41:09,201 - default_logger - DEBUG - Update current game variables.
2026-03-16 13:41:09,234 - default_logger - DEBUG - Update current game variables.
2026-03-16 13:41:09,236 - default_logger - DEBUG - wink the star icon.
2026-03-16 13:41:09,256 - default_logger - DEBUG - wink the star icon.
2026-03-16 13:41:09,268 - default_logger - DEBUG - Update current game variables.
2026-03-16 13:41:09,276 - default_logger - DEBUG - wink the star icon.
2026-03-16 13:41:09,295 - default_logger - DEBUG - wink the star icon.
2026-03-16 13:41:09,301 - default_logger - DEBUG - Update current game variables.
2026-03-16 13:41:09,315 - default_logger - DEBUG - wink the star icon.
2026-03-16 13:41:09,338 - default_logger - DEBUG - Update current game variables.
2026-03-16 13:41:09,368 - default_logger - DEBUG - Update current game variables.
2026-03-16 13:41:09,400 - default_logger - DEBUG - Update current game variables.
2026-03-16 13:41:09,441 - default_logger - DEBUG - Update current game variables.
2026-03-16 13:41:09,483 - default_logger - DEBUG - Update current game variables.
2026-03-16 13:41:09,515 - default_logger - DEBUG - Update current game variables.
2026-03-16 13:41:09,547 - default_logger - DEBUG - Update current game variables.
2026-03-16 13:41:09,580 - default_logger - DEBUG - Update current game variables.
2026-03-16 13:41:09,615 - default_logger - DEBUG - Update current game variables.
2026-03-16 13:41:09,626 - default_logger - DEBUG - Mole turn started. Mole is here.
2026-03-16 13:41:09,658 - default_logger - DEBUG - Update current game variables.
2026-03-16 13:41:09,699 - default_logger - DEBUG - Update current game variables.
2026-03-16 13:41:09,736 - default_logger - DEBUG - wink the star icon.
2026-03-16 13:41:09,744 - default_logger - DEBUG - Update current game variables.
2026-03-16 13:41:09,755 - default_logger - DEBUG - wink the star icon.
2026-03-16 13:41:09,775 - default_logger - DEBUG - wink the star icon.
2026-03-16 13:41:09,776 - default_logger - DEBUG - Update current game variables.
2026-03-16 13:41:09,796 - default_logger - DEBUG - wink the star icon.
2026-03-16 13:41:09,816 - default_logger - DEBUG - wink the star icon.
2026-03-16 13:41:09,819 - default_logger - DEBUG - Update current game variables.
2026-03-16 13:41:09,855 - default_logger - DEBUG - Update current game variables.
2026-03-16 13:41:09,888 - default_logger - DEBUG - Update current game variables.
2026-03-16 13:41:09,920 - default_logger - DEBUG - Update current game variables.
2026-03-16 13:41:09,952 - default_logger - DEBUG - Update current game variables.
2026-03-16 13:41:09,983 - default_logger - DEBUG - Update current game variables.
2026-03-16 13:41:10,019 - default_logger - DEBUG - Update current game variables.
2026-03-16 13:41:10,063 - default_logger - DEBUG - Update current game variables.
2026-03-16 13:41:10,096 - default_logger - DEBUG - Update current game variables.
2026-03-16 13:41:10,127 - default_logger - DEBUG - Update current game variables.
2026-03-16 13:41:10,146 - default_logger - DEBUG - Player successful hit!
2026-03-16 13:41:10,146 - default_logger - DEBUG - Player current score: 4
2026-03-16 13:41:10,146 - default_logger - DEBUG - Player current time int: 1600
2026-03-16 13:41:10,148 - default_logger - DEBUG - Player last reaction time in ms: 500
2026-03-16 13:41:10,151 - default_logger - DEBUG - Player current playtime in s: 2.11
2026-03-16 13:41:10,151 - default_logger - DEBUG - Player current clicks: 4
2026-03-16 13:41:10,153 - default_logger - DEBUG - Player turn over.
2026-03-16 13:41:10,160 - default_logger - DEBUG - Update current game variables.
2026-03-16 13:41:10,190 - default_logger - DEBUG - Update current game variables.
2026-03-16 13:41:10,221 - default_logger - DEBUG - Update current game variables.
2026-03-16 13:41:10,235 - default_logger - DEBUG - wink the star icon.
2026-03-16 13:41:10,253 - default_logger - DEBUG - Update current game variables.
2026-03-16 13:41:10,256 - default_logger - DEBUG - wink the star icon.
2026-03-16 13:41:10,276 - default_logger - DEBUG - wink the star icon.
2026-03-16 13:41:10,292 - default_logger - DEBUG - Update current game variables.
2026-03-16 13:41:10,295 - default_logger - DEBUG - wink the star icon.
2026-03-16 13:41:10,315 - default_logger - DEBUG - wink the star icon.
2026-03-16 13:41:10,324 - default_logger - DEBUG - Update current game variables.
2026-03-16 13:41:10,355 - default_logger - DEBUG - Update current game variables.
2026-03-16 13:41:10,385 - default_logger - DEBUG - Update current game variables.
2026-03-16 13:41:10,417 - default_logger - DEBUG - Update current game variables.
2026-03-16 13:41:10,449 - default_logger - DEBUG - Update current game variables.
2026-03-16 13:41:10,485 - default_logger - DEBUG - Update current game variables.
2026-03-16 13:41:10,528 - default_logger - DEBUG - Update current game variables.
2026-03-16 13:41:10,561 - default_logger - DEBUG - Update current game variables.
2026-03-16 13:41:10,592 - default_logger - DEBUG - Update current game variables.
2026-03-16 13:41:10,623 - default_logger - DEBUG - Update current game variables.
2026-03-16 13:41:10,657 - default_logger - DEBUG - Update current game variables.
2026-03-16 13:41:10,688 - default_logger - DEBUG - Update current game variables.
2026-03-16 13:41:10,720 - default_logger - DEBUG - Update current game variables.
2026-03-16 13:41:10,736 - default_logger - DEBUG - wink the star icon.
2026-03-16 13:41:10,751 - default_logger - DEBUG - Update current game variables.
2026-03-16 13:41:10,755 - default_logger - DEBUG - wink the star icon.
2026-03-16 13:41:10,776 - default_logger - DEBUG - wink the star icon.
2026-03-16 13:41:10,786 - default_logger - DEBUG - Update current game variables.
2026-03-16 13:41:10,796 - default_logger - DEBUG - wink the star icon.
2026-03-16 13:41:10,816 - default_logger - DEBUG - wink the star icon.
2026-03-16 13:41:10,826 - default_logger - DEBUG - Update current game variables.
2026-03-16 13:41:10,857 - default_logger - DEBUG - Update current game variables.
2026-03-16 13:41:10,886 - default_logger - DEBUG - Update current game variables.
2026-03-16 13:41:10,915 - default_logger - DEBUG - Update current game variables.
2026-03-16 13:41:10,948 - default_logger - DEBUG - Update current game variables.
2026-03-16 13:41:10,979 - default_logger - DEBUG - Update current game variables.
2026-03-16 13:41:11,011 - default_logger - DEBUG - Update current game variables.
2026-03-16 13:41:11,043 - default_logger - DEBUG - Update current game variables.
2026-03-16 13:41:11,085 - default_logger - DEBUG - Update current game variables.
2026-03-16 13:41:11,124 - default_logger - DEBUG - Update current game variables.
2026-03-16 13:41:11,155 - default_logger - DEBUG - Update current game variables.
2026-03-16 13:41:11,184 - default_logger - DEBUG - Update current game variables.
2026-03-16 13:41:11,216 - default_logger - DEBUG - Update current game variables.
2026-03-16 13:41:11,236 - default_logger - DEBUG - wink the star icon.
2026-03-16 13:41:11,247 - default_logger - DEBUG - Update current game variables.
2026-03-16 13:41:11,256 - default_logger - DEBUG - wink the star icon.
2026-03-16 13:41:11,277 - default_logger - DEBUG - wink the star icon.
2026-03-16 13:41:11,279 - default_logger - DEBUG - Update current game variables.
2026-03-16 13:41:11,296 - default_logger - DEBUG - wink the star icon.
2026-03-16 13:41:11,316 - default_logger - DEBUG - wink the star icon.
2026-03-16 13:41:11,320 - default_logger - DEBUG - Update current game variables.
2026-03-16 13:41:11,359 - default_logger - DEBUG - Update current game variables.
2026-03-16 13:41:11,396 - default_logger - DEBUG - Update current game variables.
2026-03-16 13:41:11,429 - default_logger - DEBUG - Update current game variables.
2026-03-16 13:41:11,458 - default_logger - DEBUG - Update current game variables.
2026-03-16 13:41:11,491 - default_logger - DEBUG - Update current game variables.
2026-03-16 13:41:11,524 - default_logger - DEBUG - Update current game variables.
2026-03-16 13:41:11,554 - default_logger - DEBUG - Update current game variables.
2026-03-16 13:41:11,587 - default_logger - DEBUG - Update current game variables.
2026-03-16 13:41:11,623 - default_logger - DEBUG - Update current game variables.
2026-03-16 13:41:11,657 - default_logger - DEBUG - Update current game variables.
2026-03-16 13:41:11,692 - default_logger - DEBUG - Update current game variables.
2026-03-16 13:41:11,727 - default_logger - DEBUG - Mole turn started. Mole is here.
2026-03-16 13:41:11,737 - default_logger - DEBUG - wink the star icon.
2026-03-16 13:41:11,737 - default_logger - DEBUG - Update current game variables.
2026-03-16 13:41:11,837 - default_logger - DEBUG - wink the star icon.
2026-03-16 13:41:11,837 - default_logger - DEBUG - wink the star icon.
2026-03-16 13:41:11,837 - default_logger - DEBUG - wink the star icon.
2026-03-16 13:41:11,837 - default_logger - DEBUG - wink the star icon.
2026-03-16 13:41:11,874 - default_logger - DEBUG - Update current game variables.
2026-03-16 13:41:11,906 - default_logger - DEBUG - Update current game variables.
2026-03-16 13:41:11,947 - default_logger - DEBUG - Update current game variables.
2026-03-16 13:41:11,978 - default_logger - DEBUG - Update current game variables.
2026-03-16 13:41:12,020 - default_logger - DEBUG - Update current game variables.
2026-03-16 13:41:12,051 - default_logger - DEBUG - Update current game variables.
2026-03-16 13:41:12,081 - default_logger - DEBUG - Update current game variables.
2026-03-16 13:41:12,111 - default_logger - DEBUG - Update current game variables.
2026-03-16 13:41:12,144 - default_logger - DEBUG - Update current game variables.
2026-03-16 13:41:12,175 - default_logger - DEBUG - Update current game variables.
2026-03-16 13:41:12,206 - default_logger - DEBUG - Update current game variables.
2026-03-16 13:41:12,236 - default_logger - DEBUG - wink the star icon.
2026-03-16 13:41:12,247 - default_logger - DEBUG - Update current game variables.
2026-03-16 13:41:12,256 - default_logger - DEBUG - wink the star icon.
2026-03-16 13:41:12,276 - default_logger - DEBUG - wink the star icon.
2026-03-16 13:41:12,277 - default_logger - DEBUG - Update current game variables.
2026-03-16 13:41:12,297 - default_logger - DEBUG - wink the star icon.
2026-03-16 13:41:12,317 - default_logger - DEBUG - wink the star icon.
2026-03-16 13:41:12,320 - default_logger - DEBUG - Update current game variables.
2026-03-16 13:41:12,343 - default_logger - DEBUG - Player successful hit!
2026-03-16 13:41:12,344 - default_logger - DEBUG - Player current score: 5
2026-03-16 13:41:12,344 - default_logger - DEBUG - Player current time int: 1500
2026-03-16 13:41:12,345 - default_logger - DEBUG - Player last reaction time in ms: 600
2026-03-16 13:41:12,347 - default_logger - DEBUG - Player current playtime in s: 2.72
2026-03-16 13:41:12,347 - default_logger - DEBUG - Player current clicks: 5
2026-03-16 13:41:12,349 - default_logger - DEBUG - Player turn over.
2026-03-16 13:41:12,355 - default_logger - DEBUG - Update current game variables.
2026-03-16 13:41:12,389 - default_logger - DEBUG - Update current game variables.
2026-03-16 13:41:12,433 - default_logger - DEBUG - Update current game variables.
2026-03-16 13:41:12,464 - default_logger - DEBUG - Update current game variables.
2026-03-16 13:41:12,507 - default_logger - DEBUG - Update current game variables.
2026-03-16 13:41:12,544 - default_logger - DEBUG - Update current game variables.
2026-03-16 13:41:12,575 - default_logger - DEBUG - Update current game variables.
2026-03-16 13:41:12,608 - default_logger - DEBUG - Update current game variables.
2026-03-16 13:41:12,642 - default_logger - DEBUG - Update current game variables.
2026-03-16 13:41:12,673 - default_logger - DEBUG - Update current game variables.
2026-03-16 13:41:12,707 - default_logger - DEBUG - Update current game variables.
2026-03-16 13:41:12,736 - default_logger - DEBUG - wink the star icon.
2026-03-16 13:41:12,746 - default_logger - DEBUG - Update current game variables.
2026-03-16 13:41:12,757 - default_logger - DEBUG - wink the star icon.
2026-03-16 13:41:12,777 - default_logger - DEBUG - wink the star icon.
2026-03-16 13:41:12,783 - default_logger - DEBUG - Update current game variables.
2026-03-16 13:41:12,796 - default_logger - DEBUG - wink the star icon.
2026-03-16 13:41:12,816 - default_logger - DEBUG - wink the star icon.
2026-03-16 13:41:12,821 - default_logger - DEBUG - Update current game variables.
2026-03-16 13:41:12,859 - default_logger - DEBUG - Update current game variables.
2026-03-16 13:41:12,899 - default_logger - DEBUG - Update current game variables.
2026-03-16 13:41:12,930 - default_logger - DEBUG - Update current game variables.
2026-03-16 13:41:12,967 - default_logger - DEBUG - Update current game variables.
2026-03-16 13:41:13,001 - default_logger - DEBUG - Update current game variables.
2026-03-16 13:41:13,044 - default_logger - DEBUG - Update current game variables.
2026-03-16 13:41:13,073 - default_logger - DEBUG - Update current game variables.
2026-03-16 13:41:13,103 - default_logger - DEBUG - Update current game variables.
2026-03-16 13:41:13,134 - default_logger - DEBUG - Update current game variables.
2026-03-16 13:41:13,165 - default_logger - DEBUG - Update current game variables.
2026-03-16 13:41:13,211 - default_logger - DEBUG - Update current game variables.
2026-03-16 13:41:13,237 - default_logger - DEBUG - wink the star icon.
2026-03-16 13:41:13,242 - default_logger - DEBUG - Update current game variables.
2026-03-16 13:41:13,256 - default_logger - DEBUG - wink the star icon.
2026-03-16 13:41:13,272 - default_logger - DEBUG - Update current game variables.
2026-03-16 13:41:13,276 - default_logger - DEBUG - wink the star icon.
2026-03-16 13:41:13,296 - default_logger - DEBUG - wink the star icon.
2026-03-16 13:41:13,304 - default_logger - DEBUG - Update current game variables.
2026-03-16 13:41:13,317 - default_logger - DEBUG - wink the star icon.
2026-03-16 13:41:13,335 - default_logger - DEBUG - Update current game variables.
2026-03-16 13:41:13,379 - default_logger - DEBUG - Update current game variables.
2026-03-16 13:41:13,411 - default_logger - DEBUG - Update current game variables.
2026-03-16 13:41:13,443 - default_logger - DEBUG - Update current game variables.
2026-03-16 13:41:13,475 - default_logger - DEBUG - Update current game variables.
2026-03-16 13:41:13,516 - default_logger - DEBUG - Update current game variables.
2026-03-16 13:41:13,548 - default_logger - DEBUG - Update current game variables.
2026-03-16 13:41:13,579 - default_logger - DEBUG - Update current game variables.
2026-03-16 13:41:13,610 - default_logger - DEBUG - Update current game variables.
2026-03-16 13:41:13,641 - default_logger - DEBUG - Update current game variables.
2026-03-16 13:41:13,685 - default_logger - DEBUG - Update current game variables.
2026-03-16 13:41:13,720 - default_logger - DEBUG - Update current game variables.
2026-03-16 13:41:13,736 - default_logger - DEBUG - wink the star icon.
2026-03-16 13:41:13,750 - default_logger - DEBUG - Update current game variables.
2026-03-16 13:41:13,756 - default_logger - DEBUG - wink the star icon.
2026-03-16 13:41:13,777 - default_logger - DEBUG - wink the star icon.
2026-03-16 13:41:13,784 - default_logger - DEBUG - Update current game variables.
2026-03-16 13:41:13,797 - default_logger - DEBUG - wink the star icon.
2026-03-16 13:41:13,818 - default_logger - DEBUG - wink the star icon.
2026-03-16 13:41:13,818 - default_logger - DEBUG - Update current game variables.
2026-03-16 13:41:13,827 - default_logger - DEBUG - Mole turn started. Mole is here.
2026-03-16 13:41:13,860 - default_logger - DEBUG - Update current game variables.
2026-03-16 13:41:13,891 - default_logger - DEBUG - Update current game variables.
2026-03-16 13:41:13,922 - default_logger - DEBUG - Update current game variables.
2026-03-16 13:41:13,954 - default_logger - DEBUG - Update current game variables.
2026-03-16 13:41:13,995 - default_logger - DEBUG - Update current game variables.
2026-03-16 13:41:14,026 - default_logger - DEBUG - Update current game variables.
2026-03-16 13:41:14,057 - default_logger - DEBUG - Update current game variables.
2026-03-16 13:41:14,089 - default_logger - DEBUG - Update current game variables.
2026-03-16 13:41:14,117 - default_logger - DEBUG - Update current game variables.
2026-03-16 13:41:14,149 - default_logger - DEBUG - Update current game variables.
2026-03-16 13:41:14,188 - default_logger - DEBUG - Update current game variables.
2026-03-16 13:41:14,230 - default_logger - DEBUG - Update current game variables.
2026-03-16 13:41:14,238 - default_logger - DEBUG - wink the star icon.
2026-03-16 13:41:14,257 - default_logger - DEBUG - wink the star icon.
2026-03-16 13:41:14,264 - default_logger - DEBUG - Update current game variables.
2026-03-16 13:41:14,277 - default_logger - DEBUG - wink the star icon.
2026-03-16 13:41:14,294 - default_logger - DEBUG - Update current game variables.
2026-03-16 13:41:14,297 - default_logger - DEBUG - wink the star icon.
2026-03-16 13:41:14,302 - default_logger - DEBUG - Player successful hit!
2026-03-16 13:41:14,303 - default_logger - DEBUG - Player current score: 6
2026-03-16 13:41:14,303 - default_logger - DEBUG - Player current time int: 1400
2026-03-16 13:41:14,304 - default_logger - DEBUG - Player last reaction time in ms: 400
2026-03-16 13:41:14,306 - default_logger - DEBUG - Player current playtime in s: 3.19
2026-03-16 13:41:14,306 - default_logger - DEBUG - Player current clicks: 6
2026-03-16 13:41:14,307 - default_logger - DEBUG - Player turn over.
2026-03-16 13:41:14,317 - default_logger - DEBUG - wink the star icon.
2026-03-16 13:41:14,327 - default_logger - DEBUG - Update current game variables.
2026-03-16 13:41:14,359 - default_logger - DEBUG - Update current game variables.
2026-03-16 13:41:14,389 - default_logger - DEBUG - Update current game variables.
2026-03-16 13:41:14,420 - default_logger - DEBUG - Update current game variables.
2026-03-16 13:41:14,452 - default_logger - DEBUG - Update current game variables.
2026-03-16 13:41:14,484 - default_logger - DEBUG - Update current game variables.
2026-03-16 13:41:14,516 - default_logger - DEBUG - Update current game variables.
2026-03-16 13:41:14,558 - default_logger - DEBUG - Update current game variables.
2026-03-16 13:41:14,599 - default_logger - DEBUG - Update current game variables.
2026-03-16 13:41:14,639 - default_logger - DEBUG - Update current game variables.
2026-03-16 13:41:14,681 - default_logger - DEBUG - Update current game variables.
2026-03-16 13:41:14,726 - default_logger - DEBUG - Update current game variables.
2026-03-16 13:41:14,737 - default_logger - DEBUG - wink the star icon.
2026-03-16 13:41:14,756 - default_logger - DEBUG - Update current game variables.
2026-03-16 13:41:14,758 - default_logger - DEBUG - wink the star icon.
2026-03-16 13:41:14,777 - default_logger - DEBUG - wink the star icon.
2026-03-16 13:41:14,791 - default_logger - DEBUG - Update current game variables.
2026-03-16 13:41:14,797 - default_logger - DEBUG - wink the star icon.
2026-03-16 13:41:14,818 - default_logger - DEBUG - wink the star icon.
2026-03-16 13:41:14,836 - default_logger - DEBUG - Update current game variables.
2026-03-16 13:41:14,868 - default_logger - DEBUG - Update current game variables.
2026-03-16 13:41:14,906 - default_logger - DEBUG - Update current game variables.
2026-03-16 13:41:14,937 - default_logger - DEBUG - Update current game variables.
2026-03-16 13:41:14,967 - default_logger - DEBUG - Update current game variables.
2026-03-16 13:41:14,999 - default_logger - DEBUG - Update current game variables.
2026-03-16 13:41:15,031 - default_logger - DEBUG - Update current game variables.
2026-03-16 13:41:15,072 - default_logger - DEBUG - Update current game variables.
2026-03-16 13:41:15,102 - default_logger - DEBUG - Update current game variables.
2026-03-16 13:41:15,134 - default_logger - DEBUG - Update current game variables.
2026-03-16 13:41:15,165 - default_logger - DEBUG - Update current game variables.
2026-03-16 13:41:15,196 - default_logger - DEBUG - Update current game variables.
2026-03-16 13:41:15,237 - default_logger - DEBUG - wink the star icon.
2026-03-16 13:41:15,238 - default_logger - DEBUG - Update current game variables.
2026-03-16 13:41:15,257 - default_logger - DEBUG - wink the star icon.
2026-03-16 13:41:15,270 - default_logger - DEBUG - Update current game variables.
2026-03-16 13:41:15,277 - default_logger - DEBUG - wink the star icon.
2026-03-16 13:41:15,298 - default_logger - DEBUG - wink the star icon.
2026-03-16 13:41:15,302 - default_logger - DEBUG - Update current game variables.
2026-03-16 13:41:15,318 - default_logger - DEBUG - wink the star icon.
2026-03-16 13:41:15,342 - default_logger - DEBUG - Update current game variables.
2026-03-16 13:41:15,378 - default_logger - DEBUG - Update current game variables.
2026-03-16 13:41:15,418 - default_logger - DEBUG - Update current game variables.
2026-03-16 13:41:15,461 - default_logger - DEBUG - Update current game variables.
2026-03-16 13:41:15,492 - default_logger - DEBUG - Update current game variables.
2026-03-16 13:41:15,521 - default_logger - DEBUG - Update current game variables.
2026-03-16 13:41:15,562 - default_logger - DEBUG - Update current game variables.
2026-03-16 13:41:15,601 - default_logger - DEBUG - Update current game variables.
2026-03-16 13:41:15,628 - default_logger - DEBUG - Mole turn started. Mole is here.
2026-03-16 13:41:15,640 - default_logger - DEBUG - Update current game variables.
2026-03-16 13:41:15,673 - default_logger - DEBUG - Update current game variables.
2026-03-16 13:41:15,702 - default_logger - DEBUG - Update current game variables.
2026-03-16 13:41:15,738 - default_logger - DEBUG - wink the star icon.
2026-03-16 13:41:15,745 - default_logger - DEBUG - Update current game variables.
2026-03-16 13:41:15,758 - default_logger - DEBUG - wink the star icon.
2026-03-16 13:41:15,778 - default_logger - DEBUG - wink the star icon.
2026-03-16 13:41:15,778 - default_logger - DEBUG - Update current game variables.
2026-03-16 13:41:15,797 - default_logger - DEBUG - wink the star icon.
2026-03-16 13:41:15,809 - default_logger - DEBUG - Update current game variables.
2026-03-16 13:41:15,817 - default_logger - DEBUG - wink the star icon.
2026-03-16 13:41:15,842 - default_logger - DEBUG - Update current game variables.
2026-03-16 13:41:15,882 - default_logger - DEBUG - Update current game variables.
2026-03-16 13:41:15,914 - default_logger - DEBUG - Update current game variables.
2026-03-16 13:41:15,949 - default_logger - DEBUG - Update current game variables.
2026-03-16 13:41:15,984 - default_logger - DEBUG - Update current game variables.
2026-03-16 13:41:16,016 - default_logger - DEBUG - Update current game variables.
2026-03-16 13:41:16,050 - default_logger - DEBUG - Update current game variables.
2026-03-16 13:41:16,083 - default_logger - DEBUG - Update current game variables.
2026-03-16 13:41:16,116 - default_logger - DEBUG - Update current game variables.
2026-03-16 13:41:16,150 - default_logger - DEBUG - Update current game variables.
2026-03-16 13:41:16,190 - default_logger - DEBUG - Update current game variables.
2026-03-16 13:41:16,193 - default_logger - DEBUG - Player successful hit!
2026-03-16 13:41:16,195 - default_logger - DEBUG - Player current score: 7
2026-03-16 13:41:16,195 - default_logger - DEBUG - Player current time int: 1300
2026-03-16 13:41:16,196 - default_logger - DEBUG - Player last reaction time in ms: 500
2026-03-16 13:41:16,198 - default_logger - DEBUG - Player current playtime in s: 3.75
2026-03-16 13:41:16,198 - default_logger - DEBUG - Player current clicks: 7
2026-03-16 13:41:16,200 - default_logger - DEBUG - Player turn over.
2026-03-16 13:41:16,225 - default_logger - DEBUG - Update current game variables.
2026-03-16 13:41:16,238 - default_logger - DEBUG - wink the star icon.
2026-03-16 13:41:16,257 - default_logger - DEBUG - wink the star icon.
2026-03-16 13:41:16,264 - default_logger - DEBUG - Update current game variables.
2026-03-16 13:41:16,278 - default_logger - DEBUG - wink the star icon.
2026-03-16 13:41:16,295 - default_logger - DEBUG - Update current game variables.
2026-03-16 13:41:16,298 - default_logger - DEBUG - wink the star icon.
2026-03-16 13:41:16,317 - default_logger - DEBUG - wink the star icon.
2026-03-16 13:41:16,340 - default_logger - DEBUG - Update current game variables.
2026-03-16 13:41:16,372 - default_logger - DEBUG - Update current game variables.
2026-03-16 13:41:16,403 - default_logger - DEBUG - Update current game variables.
2026-03-16 13:41:16,434 - default_logger - DEBUG - Update current game variables.
2026-03-16 13:41:16,464 - default_logger - DEBUG - Update current game variables.
2026-03-16 13:41:16,496 - default_logger - DEBUG - Update current game variables.
2026-03-16 13:41:16,527 - default_logger - DEBUG - Update current game variables.
2026-03-16 13:41:16,558 - default_logger - DEBUG - Update current game variables.
2026-03-16 13:41:16,589 - default_logger - DEBUG - Update current game variables.
2026-03-16 13:41:16,622 - default_logger - DEBUG - Update current game variables.
2026-03-16 13:41:16,652 - default_logger - DEBUG - Update current game variables.
2026-03-16 13:41:16,686 - default_logger - DEBUG - Update current game variables.
2026-03-16 13:41:16,718 - default_logger - DEBUG - Update current game variables.
2026-03-16 13:41:16,738 - default_logger - DEBUG - wink the star icon.
2026-03-16 13:41:16,750 - default_logger - DEBUG - Update current game variables.
2026-03-16 13:41:16,758 - default_logger - DEBUG - wink the star icon.
2026-03-16 13:41:16,778 - default_logger - DEBUG - wink the star icon.
2026-03-16 13:41:16,785 - default_logger - DEBUG - Update current game variables.
2026-03-16 13:41:16,797 - default_logger - DEBUG - wink the star icon.
2026-03-16 13:41:16,818 - default_logger - DEBUG - wink the star icon.
2026-03-16 13:41:16,823 - default_logger - DEBUG - Update current game variables.
2026-03-16 13:41:16,861 - default_logger - DEBUG - Update current game variables.
2026-03-16 13:41:16,893 - default_logger - DEBUG - Update current game variables.
2026-03-16 13:41:16,924 - default_logger - DEBUG - Update current game variables.
2026-03-16 13:41:16,955 - default_logger - DEBUG - Update current game variables.
2026-03-16 13:41:16,986 - default_logger - DEBUG - Update current game variables.
2026-03-16 13:41:17,017 - default_logger - DEBUG - Update current game variables.
2026-03-16 13:41:17,048 - default_logger - DEBUG - Update current game variables.
2026-03-16 13:41:17,081 - default_logger - DEBUG - Update current game variables.
2026-03-16 13:41:17,110 - default_logger - DEBUG - Update current game variables.
2026-03-16 13:41:17,142 - default_logger - DEBUG - Update current game variables.
2026-03-16 13:41:17,174 - default_logger - DEBUG - Update current game variables.
2026-03-16 13:41:17,217 - default_logger - DEBUG - Update current game variables.
2026-03-16 13:41:17,239 - default_logger - DEBUG - wink the star icon.
2026-03-16 13:41:17,250 - default_logger - DEBUG - Update current game variables.
2026-03-16 13:41:17,259 - default_logger - DEBUG - wink the star icon.
2026-03-16 13:41:17,278 - default_logger - DEBUG - wink the star icon.
2026-03-16 13:41:17,286 - default_logger - DEBUG - Update current game variables.
2026-03-16 13:41:17,298 - default_logger - DEBUG - wink the star icon.
2026-03-16 13:41:17,317 - default_logger - DEBUG - Update current game variables.
2026-03-16 13:41:17,318 - default_logger - DEBUG - wink the star icon.
2026-03-16 13:41:17,359 - default_logger - DEBUG - Update current game variables.
2026-03-16 13:41:17,391 - default_logger - DEBUG - Update current game variables.
2026-03-16 13:41:17,429 - default_logger - DEBUG - Mole turn started. Mole is here.
2026-03-16 13:41:17,433 - default_logger - DEBUG - Update current game variables.
2026-03-16 13:41:17,476 - default_logger - DEBUG - Update current game variables.
2026-03-16 13:41:17,517 - default_logger - DEBUG - Update current game variables.
2026-03-16 13:41:17,556 - default_logger - DEBUG - Update current game variables.
2026-03-16 13:41:17,602 - default_logger - DEBUG - Update current game variables.
2026-03-16 13:41:17,643 - default_logger - DEBUG - Update current game variables.
2026-03-16 13:41:17,675 - default_logger - DEBUG - Update current game variables.
2026-03-16 13:41:17,717 - default_logger - DEBUG - Update current game variables.
2026-03-16 13:41:17,738 - default_logger - DEBUG - wink the star icon.
2026-03-16 13:41:17,751 - default_logger - DEBUG - Update current game variables.
2026-03-16 13:41:17,759 - default_logger - DEBUG - wink the star icon.
2026-03-16 13:41:17,779 - default_logger - DEBUG - wink the star icon.
2026-03-16 13:41:17,795 - default_logger - DEBUG - Update current game variables.
2026-03-16 13:41:17,798 - default_logger - DEBUG - wink the star icon.
2026-03-16 13:41:17,819 - default_logger - DEBUG - wink the star icon.
2026-03-16 13:41:17,827 - default_logger - DEBUG - Update current game variables.
2026-03-16 13:41:17,863 - default_logger - DEBUG - Update current game variables.
2026-03-16 13:41:17,892 - default_logger - DEBUG - Update current game variables.
2026-03-16 13:41:17,925 - default_logger - DEBUG - Update current game variables.
2026-03-16 13:41:17,957 - default_logger - DEBUG - Update current game variables.
2026-03-16 13:41:17,975 - default_logger - DEBUG - Player successful hit!
2026-03-16 13:41:17,976 - default_logger - DEBUG - Player current score: 8
2026-03-16 13:41:17,977 - default_logger - DEBUG - Player current time int: 1200
2026-03-16 13:41:17,977 - default_logger - DEBUG - Player last reaction time in ms: 500
2026-03-16 13:41:17,980 - default_logger - DEBUG - Player current playtime in s: 4.29
2026-03-16 13:41:17,980 - default_logger - DEBUG - Player current clicks: 8
2026-03-16 13:41:17,981 - default_logger - DEBUG - Player turn over.
2026-03-16 13:41:17,991 - default_logger - DEBUG - Update current game variables.
2026-03-16 13:41:18,023 - default_logger - DEBUG - Update current game variables.
2026-03-16 13:41:18,053 - default_logger - DEBUG - Update current game variables.
2026-03-16 13:41:18,085 - default_logger - DEBUG - Update current game variables.
2026-03-16 13:41:18,117 - default_logger - DEBUG - Update current game variables.
2026-03-16 13:41:18,148 - default_logger - DEBUG - Update current game variables.
2026-03-16 13:41:18,178 - default_logger - DEBUG - Update current game variables.
2026-03-16 13:41:18,209 - default_logger - DEBUG - Update current game variables.
2026-03-16 13:41:18,239 - default_logger - DEBUG - wink the star icon.
2026-03-16 13:41:18,244 - default_logger - DEBUG - Update current game variables.
2026-03-16 13:41:18,259 - default_logger - DEBUG - wink the star icon.
2026-03-16 13:41:18,273 - default_logger - DEBUG - Update current game variables.
2026-03-16 13:41:18,279 - default_logger - DEBUG - wink the star icon.
2026-03-16 13:41:18,298 - default_logger - DEBUG - wink the star icon.
2026-03-16 13:41:18,305 - default_logger - DEBUG - Update current game variables.
2026-03-16 13:41:18,318 - default_logger - DEBUG - wink the star icon.
2026-03-16 13:41:18,346 - default_logger - DEBUG - Update current game variables.
2026-03-16 13:41:18,386 - default_logger - DEBUG - Update current game variables.
2026-03-16 13:41:18,422 - default_logger - DEBUG - Update current game variables.
2026-03-16 13:41:18,453 - default_logger - DEBUG - Update current game variables.
2026-03-16 13:41:18,482 - default_logger - DEBUG - Update current game variables.
2026-03-16 13:41:18,528 - default_logger - DEBUG - Update current game variables.
2026-03-16 13:41:18,563 - default_logger - DEBUG - Update current game variables.
2026-03-16 13:41:18,606 - default_logger - DEBUG - Update current game variables.
2026-03-16 13:41:18,649 - default_logger - DEBUG - Update current game variables.
2026-03-16 13:41:18,680 - default_logger - DEBUG - Update current game variables.
2026-03-16 13:41:18,724 - default_logger - DEBUG - Update current game variables.
2026-03-16 13:41:18,739 - default_logger - DEBUG - wink the star icon.
2026-03-16 13:41:18,757 - default_logger - DEBUG - Update current game variables.
2026-03-16 13:41:18,759 - default_logger - DEBUG - wink the star icon.
2026-03-16 13:41:18,779 - default_logger - DEBUG - wink the star icon.
2026-03-16 13:41:18,792 - default_logger - DEBUG - Update current game variables.
2026-03-16 13:41:18,798 - default_logger - DEBUG - wink the star icon.
2026-03-16 13:41:18,818 - default_logger - DEBUG - wink the star icon.
2026-03-16 13:41:18,822 - default_logger - DEBUG - Update current game variables.
2026-03-16 13:41:18,863 - default_logger - DEBUG - Update current game variables.
2026-03-16 13:41:18,897 - default_logger - DEBUG - Update current game variables.
2026-03-16 13:41:18,928 - default_logger - DEBUG - Update current game variables.
2026-03-16 13:41:18,960 - default_logger - DEBUG - Update current game variables.
2026-03-16 13:41:18,995 - default_logger - DEBUG - Update current game variables.
2026-03-16 13:41:19,028 - default_logger - DEBUG - Update current game variables.
2026-03-16 13:41:19,058 - default_logger - DEBUG - Update current game variables.
2026-03-16 13:41:19,089 - default_logger - DEBUG - Update current game variables.
2026-03-16 13:41:19,123 - default_logger - DEBUG - Update current game variables.
2026-03-16 13:41:19,130 - default_logger - DEBUG - Mole turn started. Mole is here.
2026-03-16 13:41:19,155 - default_logger - DEBUG - Update current game variables.
2026-03-16 13:41:19,188 - default_logger - DEBUG - Update current game variables.
2026-03-16 13:41:19,227 - default_logger - DEBUG - Update current game variables.
2026-03-16 13:41:19,240 - default_logger - DEBUG - wink the star icon.
2026-03-16 13:41:19,259 - default_logger - DEBUG - wink the star icon.
2026-03-16 13:41:19,261 - default_logger - DEBUG - Update current game variables.
2026-03-16 13:41:19,280 - default_logger - DEBUG - wink the star icon.
2026-03-16 13:41:19,294 - default_logger - DEBUG - Update current game variables.
2026-03-16 13:41:19,298 - default_logger - DEBUG - wink the star icon.
2026-03-16 13:41:19,319 - default_logger - DEBUG - wink the star icon.
2026-03-16 13:41:19,326 - default_logger - DEBUG - Update current game variables.
2026-03-16 13:41:19,357 - default_logger - DEBUG - Update current game variables.
2026-03-16 13:41:19,389 - default_logger - DEBUG - Update current game variables.
2026-03-16 13:41:19,419 - default_logger - DEBUG - Update current game variables.
2026-03-16 13:41:19,453 - default_logger - DEBUG - Update current game variables.
2026-03-16 13:41:19,487 - default_logger - DEBUG - Update current game variables.
2026-03-16 13:41:19,521 - default_logger - DEBUG - Update current game variables.
2026-03-16 13:41:19,554 - default_logger - DEBUG - Update current game variables.
2026-03-16 13:41:19,586 - default_logger - DEBUG - Update current game variables.
2026-03-16 13:41:19,618 - default_logger - DEBUG - Update current game variables.
2026-03-16 13:41:19,652 - default_logger - DEBUG - Update current game variables.
2026-03-16 13:41:19,682 - default_logger - DEBUG - Update current game variables.
2026-03-16 13:41:19,710 - default_logger - DEBUG - Player successful hit!
2026-03-16 13:41:19,711 - default_logger - DEBUG - Player current score: 9
2026-03-16 13:41:19,712 - default_logger - DEBUG - Player current time int: 1100
2026-03-16 13:41:19,712 - default_logger - DEBUG - Player last reaction time in ms: 500
2026-03-16 13:41:19,714 - default_logger - DEBUG - Player current playtime in s: 4.87
2026-03-16 13:41:19,714 - default_logger - DEBUG - Player current clicks: 9
2026-03-16 13:41:19,716 - default_logger - DEBUG - Player turn over.
2026-03-16 13:41:19,721 - default_logger - DEBUG - Update current game variables.
2026-03-16 13:41:19,740 - default_logger - DEBUG - wink the star icon.
2026-03-16 13:41:19,759 - default_logger - DEBUG - Update current game variables.
2026-03-16 13:41:19,760 - default_logger - DEBUG - wink the star icon.
2026-03-16 13:41:19,780 - default_logger - DEBUG - wink the star icon.
2026-03-16 13:41:19,797 - default_logger - DEBUG - Update current game variables.
2026-03-16 13:41:19,798 - default_logger - DEBUG - wink the star icon.
2026-03-16 13:41:19,820 - default_logger - DEBUG - wink the star icon.
2026-03-16 13:41:19,836 - default_logger - DEBUG - Update current game variables.
2026-03-16 13:41:19,870 - default_logger - DEBUG - Update current game variables.
2026-03-16 13:41:19,911 - default_logger - DEBUG - Update current game variables.
2026-03-16 13:41:19,956 - default_logger - DEBUG - Update current game variables.
2026-03-16 13:41:19,985 - default_logger - DEBUG - Update current game variables.
2026-03-16 13:41:20,017 - default_logger - DEBUG - Update current game variables.
2026-03-16 13:41:20,060 - default_logger - DEBUG - Update current game variables.
2026-03-16 13:41:20,106 - default_logger - DEBUG - Update current game variables.
2026-03-16 13:41:20,148 - default_logger - DEBUG - Update current game variables.
2026-03-16 13:41:20,184 - default_logger - DEBUG - Update current game variables.
2026-03-16 13:41:20,225 - default_logger - DEBUG - Update current game variables.
2026-03-16 13:41:20,239 - default_logger - DEBUG - wink the star icon.
2026-03-16 13:41:20,259 - default_logger - DEBUG - wink the star icon.
2026-03-16 13:41:20,267 - default_logger - DEBUG - Update current game variables.
2026-03-16 13:41:20,279 - default_logger - DEBUG - wink the star icon.
2026-03-16 13:41:20,299 - default_logger - DEBUG - wink the star icon.
2026-03-16 13:41:20,303 - default_logger - DEBUG - Update current game variables.
2026-03-16 13:41:20,320 - default_logger - DEBUG - wink the star icon.
2026-03-16 13:41:20,333 - default_logger - DEBUG - Update current game variables.
2026-03-16 13:41:20,365 - default_logger - DEBUG - Update current game variables.
2026-03-16 13:41:20,396 - default_logger - DEBUG - Update current game variables.
2026-03-16 13:41:20,427 - default_logger - DEBUG - Update current game variables.
2026-03-16 13:41:20,460 - default_logger - DEBUG - Update current game variables.
2026-03-16 13:41:20,491 - default_logger - DEBUG - Update current game variables.
2026-03-16 13:41:20,524 - default_logger - DEBUG - Update current game variables.
2026-03-16 13:41:20,568 - default_logger - DEBUG - Update current game variables.
2026-03-16 13:41:20,600 - default_logger - DEBUG - Update current game variables.
2026-03-16 13:41:20,632 - default_logger - DEBUG - Update current game variables.
2026-03-16 13:41:20,672 - default_logger - DEBUG - Update current game variables.
2026-03-16 13:41:20,706 - default_logger - DEBUG - Update current game variables.
2026-03-16 13:41:20,729 - default_logger - DEBUG - Mole turn started. Mole is here.
2026-03-16 13:41:20,736 - default_logger - DEBUG - Update current game variables.
2026-03-16 13:41:20,740 - default_logger - DEBUG - wink the star icon.
2026-03-16 13:41:20,760 - default_logger - DEBUG - wink the star icon.
2026-03-16 13:41:20,779 - default_logger - DEBUG - Update current game variables.
2026-03-16 13:41:20,780 - default_logger - DEBUG - wink the star icon.
2026-03-16 13:41:20,800 - default_logger - DEBUG - wink the star icon.
2026-03-16 13:41:20,814 - default_logger - DEBUG - Update current game variables.
2026-03-16 13:41:20,820 - default_logger - DEBUG - wink the star icon.
2026-03-16 13:41:20,843 - default_logger - DEBUG - Update current game variables.
2026-03-16 13:41:20,877 - default_logger - DEBUG - Update current game variables.
2026-03-16 13:41:20,914 - default_logger - DEBUG - Update current game variables.
2026-03-16 13:41:20,958 - default_logger - DEBUG - Update current game variables.
2026-03-16 13:41:20,999 - default_logger - DEBUG - Update current game variables.
2026-03-16 13:41:21,031 - default_logger - DEBUG - Update current game variables.
2026-03-16 13:41:21,069 - default_logger - DEBUG - Update current game variables.
2026-03-16 13:41:21,102 - default_logger - DEBUG - Update current game variables.
2026-03-16 13:41:21,135 - default_logger - DEBUG - Update current game variables.
2026-03-16 13:41:21,178 - default_logger - DEBUG - Update current game variables.
2026-03-16 13:41:21,209 - default_logger - DEBUG - Update current game variables.
2026-03-16 13:41:21,240 - default_logger - DEBUG - wink the star icon.
2026-03-16 13:41:21,240 - default_logger - DEBUG - Update current game variables.
2026-03-16 13:41:21,261 - default_logger - DEBUG - wink the star icon.
2026-03-16 13:41:21,274 - default_logger - DEBUG - Update current game variables.
2026-03-16 13:41:21,280 - default_logger - DEBUG - wink the star icon.
2026-03-16 13:41:21,300 - default_logger - DEBUG - wink the star icon.
2026-03-16 13:41:21,320 - default_logger - DEBUG - wink the star icon.
2026-03-16 13:41:21,321 - default_logger - DEBUG - Update current game variables.
2026-03-16 13:41:21,354 - default_logger - DEBUG - Update current game variables.
2026-03-16 13:41:21,398 - default_logger - DEBUG - Update current game variables.
2026-03-16 13:41:21,434 - default_logger - DEBUG - Update current game variables.
2026-03-16 13:41:21,461 - default_logger - DEBUG - Player successful hit!
2026-03-16 13:41:21,461 - default_logger - DEBUG - Player current score: 10
2026-03-16 13:41:21,461 - default_logger - DEBUG - Player current time int: 1000
2026-03-16 13:41:21,461 - default_logger - DEBUG - Player last reaction time in ms: 700
2026-03-16 13:41:21,464 - default_logger - DEBUG - Update current game variables.
2026-03-16 13:41:21,466 - default_logger - DEBUG - Player current playtime in s: 5.6
2026-03-16 13:41:21,466 - default_logger - DEBUG - Player current clicks: 10
2026-03-16 13:41:21,467 - default_logger - DEBUG - Player turn over.
2026-03-16 13:41:21,506 - default_logger - DEBUG - Update current game variables.
2026-03-16 13:41:21,539 - default_logger - DEBUG - Update current game variables.
2026-03-16 13:41:21,572 - default_logger - DEBUG - Update current game variables.
2026-03-16 13:41:21,616 - default_logger - DEBUG - Update current game variables.
2026-03-16 13:41:21,660 - default_logger - DEBUG - Update current game variables.
2026-03-16 13:41:21,691 - default_logger - DEBUG - Update current game variables.
2026-03-16 13:41:21,731 - default_logger - DEBUG - Update current game variables.
2026-03-16 13:41:21,740 - default_logger - DEBUG - wink the star icon.
2026-03-16 13:41:21,761 - default_logger - DEBUG - wink the star icon.
2026-03-16 13:41:21,767 - default_logger - DEBUG - Update current game variables.
2026-03-16 13:41:21,780 - default_logger - DEBUG - wink the star icon.
2026-03-16 13:41:21,800 - default_logger - DEBUG - wink the star icon.
2026-03-16 13:41:21,805 - default_logger - DEBUG - Update current game variables.
2026-03-16 13:41:21,820 - default_logger - DEBUG - wink the star icon.
2026-03-16 13:41:21,847 - default_logger - DEBUG - Update current game variables.
2026-03-16 13:41:21,889 - default_logger - DEBUG - Update current game variables.
2026-03-16 13:41:21,921 - default_logger - DEBUG - Update current game variables.
2026-03-16 13:41:21,951 - default_logger - DEBUG - Update current game variables.
2026-03-16 13:41:21,983 - default_logger - DEBUG - Update current game variables.
2026-03-16 13:41:22,013 - default_logger - DEBUG - Update current game variables.
2026-03-16 13:41:22,046 - default_logger - DEBUG - Update current game variables.
2026-03-16 13:41:22,077 - default_logger - DEBUG - Update current game variables.
2026-03-16 13:41:22,118 - default_logger - DEBUG - Update current game variables.
2026-03-16 13:41:22,150 - default_logger - DEBUG - Update current game variables.
2026-03-16 13:41:22,195 - default_logger - DEBUG - Update current game variables.
2026-03-16 13:41:22,226 - default_logger - DEBUG - Update current game variables.
2026-03-16 13:41:22,240 - default_logger - DEBUG - wink the star icon.
2026-03-16 13:41:22,261 - default_logger - DEBUG - wink the star icon.
2026-03-16 13:41:22,271 - default_logger - DEBUG - Update current game variables.
2026-03-16 13:41:22,280 - default_logger - DEBUG - wink the star icon.
2026-03-16 13:41:22,300 - default_logger - DEBUG - wink the star icon.
2026-03-16 13:41:22,304 - default_logger - DEBUG - Update current game variables.
2026-03-16 13:41:22,320 - default_logger - DEBUG - wink the star icon.
2026-03-16 13:41:22,336 - default_logger - DEBUG - Update current game variables.
2026-03-16 13:41:22,370 - default_logger - DEBUG - Update current game variables.
2026-03-16 13:41:22,415 - default_logger - DEBUG - Update current game variables.
2026-03-16 13:41:22,431 - default_logger - DEBUG - Mole turn started. Mole is here.
2026-03-16 13:41:22,452 - default_logger - DEBUG - Update current game variables.
2026-03-16 13:41:22,495 - default_logger - DEBUG - Update current game variables.
2026-03-16 13:41:22,536 - default_logger - DEBUG - Update current game variables.
2026-03-16 13:41:22,577 - default_logger - DEBUG - Update current game variables.
2026-03-16 13:41:22,623 - default_logger - DEBUG - Update current game variables.
2026-03-16 13:41:22,654 - default_logger - DEBUG - Update current game variables.
2026-03-16 13:41:22,685 - default_logger - DEBUG - Update current game variables.
2026-03-16 13:41:22,716 - default_logger - DEBUG - Update current game variables.
2026-03-16 13:41:22,740 - default_logger - DEBUG - wink the star icon.
2026-03-16 13:41:22,749 - default_logger - DEBUG - Update current game variables.
2026-03-16 13:41:22,761 - default_logger - DEBUG - wink the star icon.
2026-03-16 13:41:22,780 - default_logger - DEBUG - wink the star icon.
2026-03-16 13:41:22,799 - default_logger - DEBUG - Update current game variables.
2026-03-16 13:41:22,800 - default_logger - DEBUG - wink the star icon.
2026-03-16 13:41:22,820 - default_logger - DEBUG - wink the star icon.
2026-03-16 13:41:22,838 - default_logger - DEBUG - Update current game variables.
2026-03-16 13:41:22,877 - default_logger - DEBUG - Update current game variables.
2026-03-16 13:41:22,909 - default_logger - DEBUG - Update current game variables.
2026-03-16 13:41:22,941 - default_logger - DEBUG - Update current game variables.
2026-03-16 13:41:22,972 - default_logger - DEBUG - Update current game variables.
2026-03-16 13:41:23,005 - default_logger - DEBUG - Update current game variables.
2026-03-16 13:41:23,042 - default_logger - DEBUG - Update current game variables.
2026-03-16 13:41:23,070 - default_logger - DEBUG - Update current game variables.
2026-03-16 13:41:23,087 - default_logger - DEBUG - Player successful hit!
2026-03-16 13:41:23,087 - default_logger - DEBUG - Player current score: 11
2026-03-16 13:41:23,087 - default_logger - DEBUG - Player current time int: 900
2026-03-16 13:41:23,087 - default_logger - DEBUG - Player last reaction time in ms: 600
2026-03-16 13:41:23,087 - default_logger - DEBUG - Player current playtime in s: 6.25
2026-03-16 13:41:23,087 - default_logger - DEBUG - Player current clicks: 11
2026-03-16 13:41:23,092 - default_logger - DEBUG - Player turn over.
2026-03-16 13:41:23,102 - default_logger - DEBUG - Update current game variables.
2026-03-16 13:41:23,132 - default_logger - DEBUG - Update current game variables.
2026-03-16 13:41:23,165 - default_logger - DEBUG - Update current game variables.
2026-03-16 13:41:23,193 - default_logger - DEBUG - Update current game variables.
2026-03-16 13:41:23,227 - default_logger - DEBUG - Update current game variables.
2026-03-16 13:41:23,240 - default_logger - DEBUG - wink the star icon.
2026-03-16 13:41:23,261 - default_logger - DEBUG - wink the star icon.
2026-03-16 13:41:23,261 - default_logger - DEBUG - Update current game variables.
2026-03-16 13:41:23,280 - default_logger - DEBUG - wink the star icon.
2026-03-16 13:41:23,301 - default_logger - DEBUG - wink the star icon.
2026-03-16 13:41:23,306 - default_logger - DEBUG - Update current game variables.
2026-03-16 13:41:23,321 - default_logger - DEBUG - wink the star icon.
2026-03-16 13:41:23,337 - default_logger - DEBUG - Update current game variables.
2026-03-16 13:41:23,373 - default_logger - DEBUG - Update current game variables.
2026-03-16 13:41:23,405 - default_logger - DEBUG - Update current game variables.
2026-03-16 13:41:23,435 - default_logger - DEBUG - Update current game variables.
2026-03-16 13:41:23,467 - default_logger - DEBUG - Update current game variables.
2026-03-16 13:41:23,499 - default_logger - DEBUG - Update current game variables.
2026-03-16 13:41:23,529 - default_logger - DEBUG - Update current game variables.
2026-03-16 13:41:23,560 - default_logger - DEBUG - Update current game variables.
2026-03-16 13:41:23,591 - default_logger - DEBUG - Update current game variables.
2026-03-16 13:41:23,629 - default_logger - DEBUG - Update current game variables.
2026-03-16 13:41:23,673 - default_logger - DEBUG - Update current game variables.
2026-03-16 13:41:23,706 - default_logger - DEBUG - Update current game variables.
2026-03-16 13:41:23,737 - default_logger - DEBUG - Update current game variables.
2026-03-16 13:41:23,741 - default_logger - DEBUG - wink the star icon.
2026-03-16 13:41:23,761 - default_logger - DEBUG - wink the star icon.
2026-03-16 13:41:23,771 - default_logger - DEBUG - Update current game variables.
2026-03-16 13:41:23,781 - default_logger - DEBUG - wink the star icon.
2026-03-16 13:41:23,800 - default_logger - DEBUG - wink the star icon.
2026-03-16 13:41:23,801 - default_logger - DEBUG - Update current game variables.
2026-03-16 13:41:23,821 - default_logger - DEBUG - wink the star icon.
2026-03-16 13:41:23,831 - default_logger - DEBUG - Update current game variables.
2026-03-16 13:41:23,866 - default_logger - DEBUG - Update current game variables.
2026-03-16 13:41:23,896 - default_logger - DEBUG - Update current game variables.
2026-03-16 13:41:23,926 - default_logger - DEBUG - Update current game variables.
2026-03-16 13:41:23,931 - default_logger - DEBUG - Mole turn started. Mole is here.
2026-03-16 13:41:23,958 - default_logger - DEBUG - Update current game variables.
2026-03-16 13:41:24,001 - default_logger - DEBUG - Update current game variables.
2026-03-16 13:41:24,032 - default_logger - DEBUG - Update current game variables.
2026-03-16 13:41:24,064 - default_logger - DEBUG - Update current game variables.
2026-03-16 13:41:24,103 - default_logger - DEBUG - Update current game variables.
2026-03-16 13:41:24,145 - default_logger - DEBUG - Update current game variables.
2026-03-16 13:41:24,181 - default_logger - DEBUG - Update current game variables.
2026-03-16 13:41:24,212 - default_logger - DEBUG - Update current game variables.
2026-03-16 13:41:24,241 - default_logger - DEBUG - wink the star icon.
2026-03-16 13:41:24,253 - default_logger - DEBUG - Update current game variables.
2026-03-16 13:41:24,262 - default_logger - DEBUG - wink the star icon.
2026-03-16 13:41:24,281 - default_logger - DEBUG - wink the star icon.
2026-03-16 13:41:24,292 - default_logger - DEBUG - Update current game variables.
2026-03-16 13:41:24,301 - default_logger - DEBUG - wink the star icon.
2026-03-16 13:41:24,322 - default_logger - DEBUG - wink the star icon.
2026-03-16 13:41:24,323 - default_logger - DEBUG - Update current game variables.
2026-03-16 13:41:24,364 - default_logger - DEBUG - Update current game variables.
2026-03-16 13:41:24,394 - default_logger - DEBUG - Update current game variables.
2026-03-16 13:41:24,427 - default_logger - DEBUG - Update current game variables.
2026-03-16 13:41:24,467 - default_logger - DEBUG - Update current game variables.
2026-03-16 13:41:24,499 - default_logger - DEBUG - Update current game variables.
2026-03-16 13:41:24,531 - default_logger - DEBUG - Update current game variables.
2026-03-16 13:41:24,563 - default_logger - DEBUG - Update current game variables.
2026-03-16 13:41:24,570 - default_logger - DEBUG - Player successful hit!
2026-03-16 13:41:24,571 - default_logger - DEBUG - Player current score: 12
2026-03-16 13:41:24,572 - default_logger - DEBUG - Player current time int: 800
2026-03-16 13:41:24,572 - default_logger - DEBUG - Player last reaction time in ms: 600
2026-03-16 13:41:24,574 - default_logger - DEBUG - Player current playtime in s: 6.88
2026-03-16 13:41:24,574 - default_logger - DEBUG - Player current clicks: 12
2026-03-16 13:41:24,576 - default_logger - DEBUG - Player turn over.
2026-03-16 13:41:24,600 - default_logger - DEBUG - Update current game variables.
2026-03-16 13:41:24,640 - default_logger - DEBUG - Update current game variables.
2026-03-16 13:41:24,679 - default_logger - DEBUG - Update current game variables.
2026-03-16 13:41:24,712 - default_logger - DEBUG - Update current game variables.
2026-03-16 13:41:24,741 - default_logger - DEBUG - wink the star icon.
2026-03-16 13:41:24,745 - default_logger - DEBUG - Update current game variables.
2026-03-16 13:41:24,761 - default_logger - DEBUG - wink the star icon.
2026-03-16 13:41:24,776 - default_logger - DEBUG - Update current game variables.
2026-03-16 13:41:24,782 - default_logger - DEBUG - wink the star icon.
2026-03-16 13:41:24,801 - default_logger - DEBUG - wink the star icon.
2026-03-16 13:41:24,806 - default_logger - DEBUG - Update current game variables.
2026-03-16 13:41:24,822 - default_logger - DEBUG - wink the star icon.
2026-03-16 13:41:24,837 - default_logger - DEBUG - Update current game variables.
2026-03-16 13:41:24,869 - default_logger - DEBUG - Update current game variables.
2026-03-16 13:41:24,902 - default_logger - DEBUG - Update current game variables.
2026-03-16 13:41:24,934 - default_logger - DEBUG - Update current game variables.
2026-03-16 13:41:24,977 - default_logger - DEBUG - Update current game variables.
2026-03-16 13:41:25,014 - default_logger - DEBUG - Update current game variables.
2026-03-16 13:41:25,047 - default_logger - DEBUG - Update current game variables.
2026-03-16 13:41:25,079 - default_logger - DEBUG - Update current game variables.
2026-03-16 13:41:25,109 - default_logger - DEBUG - Update current game variables.
2026-03-16 13:41:25,138 - default_logger - DEBUG - Update current game variables.
2026-03-16 13:41:25,170 - default_logger - DEBUG - Update current game variables.
2026-03-16 13:41:25,199 - default_logger - DEBUG - Update current game variables.
2026-03-16 13:41:25,231 - default_logger - DEBUG - Update current game variables.
2026-03-16 13:41:25,241 - default_logger - DEBUG - wink the star icon.
2026-03-16 13:41:25,260 - default_logger - DEBUG - wink the star icon.
2026-03-16 13:41:25,263 - default_logger - DEBUG - Update current game variables.
2026-03-16 13:41:25,282 - default_logger - DEBUG - wink the star icon.
2026-03-16 13:41:25,298 - default_logger - DEBUG - Update current game variables.
2026-03-16 13:41:25,301 - default_logger - DEBUG - wink the star icon.
2026-03-16 13:41:25,321 - default_logger - DEBUG - wink the star icon.
2026-03-16 13:41:25,331 - default_logger - DEBUG - Mole turn started. Mole is here.
2026-03-16 13:41:25,333 - default_logger - DEBUG - Update current game variables.
2026-03-16 13:41:25,526 - default_logger - DEBUG - Update current game variables.
2026-03-16 13:41:25,564 - default_logger - DEBUG - Update current game variables.
2026-03-16 13:41:25,595 - default_logger - DEBUG - Update current game variables.
2026-03-16 13:41:25,626 - default_logger - DEBUG - Update current game variables.
2026-03-16 13:41:25,657 - default_logger - DEBUG - Update current game variables.
2026-03-16 13:41:25,696 - default_logger - DEBUG - Update current game variables.
2026-03-16 13:41:25,728 - default_logger - DEBUG - Update current game variables.
2026-03-16 13:41:25,741 - default_logger - DEBUG - wink the star icon.
2026-03-16 13:41:25,760 - default_logger - DEBUG - Update current game variables.
2026-03-16 13:41:25,761 - default_logger - DEBUG - wink the star icon.
2026-03-16 13:41:25,782 - default_logger - DEBUG - wink the star icon.
2026-03-16 13:41:25,802 - default_logger - DEBUG - wink the star icon.
2026-03-16 13:41:25,803 - default_logger - DEBUG - Update current game variables.
2026-03-16 13:41:25,822 - default_logger - DEBUG - wink the star icon.
2026-03-16 13:41:25,847 - default_logger - DEBUG - Update current game variables.
2026-03-16 13:41:25,879 - default_logger - DEBUG - Update current game variables.
2026-03-16 13:41:25,908 - default_logger - DEBUG - Update current game variables.
2026-03-16 13:41:25,945 - default_logger - DEBUG - Update current game variables.
2026-03-16 13:41:25,977 - default_logger - DEBUG - Update current game variables.
2026-03-16 13:41:26,011 - default_logger - DEBUG - Update current game variables.
2026-03-16 13:41:26,047 - default_logger - DEBUG - Update current game variables.
2026-03-16 13:41:26,089 - default_logger - DEBUG - Update current game variables.
2026-03-16 13:41:26,125 - default_logger - DEBUG - Update current game variables.
2026-03-16 13:41:26,165 - default_logger - DEBUG - Update current game variables.
2026-03-16 13:41:26,170 - default_logger - DEBUG - Player successful hit!
2026-03-16 13:41:26,170 - default_logger - DEBUG - Player current score: 13
2026-03-16 13:41:26,170 - default_logger - DEBUG - Player current time int: 700
2026-03-16 13:41:26,170 - default_logger - DEBUG - Player last reaction time in ms: 800
2026-03-16 13:41:26,174 - default_logger - DEBUG - Player current playtime in s: 7.72
2026-03-16 13:41:26,174 - default_logger - DEBUG - Player current clicks: 13
2026-03-16 13:41:26,176 - default_logger - DEBUG - Player turn over.
2026-03-16 13:41:26,196 - default_logger - DEBUG - Update current game variables.
2026-03-16 13:41:26,233 - default_logger - DEBUG - Update current game variables.
2026-03-16 13:41:26,241 - default_logger - DEBUG - wink the star icon.
2026-03-16 13:41:26,262 - default_logger - DEBUG - wink the star icon.
2026-03-16 13:41:26,268 - default_logger - DEBUG - Update current game variables.
2026-03-16 13:41:26,282 - default_logger - DEBUG - wink the star icon.
2026-03-16 13:41:26,303 - default_logger - DEBUG - wink the star icon.
2026-03-16 13:41:26,306 - default_logger - DEBUG - Update current game variables.
2026-03-16 13:41:26,322 - default_logger - DEBUG - wink the star icon.
2026-03-16 13:41:26,339 - default_logger - DEBUG - Update current game variables.
2026-03-16 13:41:26,375 - default_logger - DEBUG - Update current game variables.
2026-03-16 13:41:26,409 - default_logger - DEBUG - Update current game variables.
2026-03-16 13:41:26,443 - default_logger - DEBUG - Update current game variables.
2026-03-16 13:41:26,487 - default_logger - DEBUG - Update current game variables.
2026-03-16 13:41:26,520 - default_logger - DEBUG - Update current game variables.
2026-03-16 13:41:26,553 - default_logger - DEBUG - Update current game variables.
2026-03-16 13:41:26,586 - default_logger - DEBUG - Update current game variables.
2026-03-16 13:41:26,620 - default_logger - DEBUG - Update current game variables.
2026-03-16 13:41:26,659 - default_logger - DEBUG - Update current game variables.
2026-03-16 13:41:26,691 - default_logger - DEBUG - Update current game variables.
2026-03-16 13:41:26,721 - default_logger - DEBUG - Update current game variables.
2026-03-16 13:41:26,741 - default_logger - DEBUG - wink the star icon.
2026-03-16 13:41:26,753 - default_logger - DEBUG - Update current game variables.
2026-03-16 13:41:26,762 - default_logger - DEBUG - wink the star icon.
2026-03-16 13:41:26,782 - default_logger - DEBUG - wink the star icon.
2026-03-16 13:41:26,785 - default_logger - DEBUG - Update current game variables.
2026-03-16 13:41:26,802 - default_logger - DEBUG - wink the star icon.
2026-03-16 13:41:26,823 - default_logger - DEBUG - wink the star icon.
2026-03-16 13:41:26,825 - default_logger - DEBUG - Update current game variables.
2026-03-16 13:41:26,833 - default_logger - DEBUG - Mole turn started. Mole is here.
2026-03-16 13:41:26,855 - default_logger - DEBUG - Update current game variables.
2026-03-16 13:41:26,890 - default_logger - DEBUG - Update current game variables.
2026-03-16 13:41:26,930 - default_logger - DEBUG - Update current game variables.
2026-03-16 13:41:26,963 - default_logger - DEBUG - Update current game variables.
2026-03-16 13:41:26,996 - default_logger - DEBUG - Update current game variables.
2026-03-16 13:41:27,035 - default_logger - DEBUG - Update current game variables.
2026-03-16 13:41:27,070 - default_logger - DEBUG - Update current game variables.
2026-03-16 13:41:27,102 - default_logger - DEBUG - Update current game variables.
2026-03-16 13:41:27,135 - default_logger - DEBUG - Update current game variables.
2026-03-16 13:41:27,171 - default_logger - DEBUG - Update current game variables.
2026-03-16 13:41:27,200 - default_logger - DEBUG - Update current game variables.
2026-03-16 13:41:27,214 - default_logger - DEBUG - Player successful hit!
2026-03-16 13:41:27,215 - default_logger - DEBUG - Player current score: 14
2026-03-16 13:41:27,215 - default_logger - DEBUG - Player current time int: 600
2026-03-16 13:41:27,216 - default_logger - DEBUG - Player last reaction time in ms: 300
2026-03-16 13:41:27,218 - default_logger - DEBUG - Player current playtime in s: 8.11
2026-03-16 13:41:27,218 - default_logger - DEBUG - Player current clicks: 14
2026-03-16 13:41:27,219 - default_logger - DEBUG - Player turn over.
2026-03-16 13:41:27,241 - default_logger - DEBUG - Update current game variables.
2026-03-16 13:41:27,243 - default_logger - DEBUG - wink the star icon.
2026-03-16 13:41:27,262 - default_logger - DEBUG - wink the star icon.
2026-03-16 13:41:27,277 - default_logger - DEBUG - Update current game variables.
2026-03-16 13:41:27,282 - default_logger - DEBUG - wink the star icon.
2026-03-16 13:41:27,301 - default_logger - DEBUG - wink the star icon.
2026-03-16 13:41:27,308 - default_logger - DEBUG - Update current game variables.
2026-03-16 13:41:27,323 - default_logger - DEBUG - wink the star icon.
2026-03-16 13:41:27,339 - default_logger - DEBUG - Update current game variables.
2026-03-16 13:41:27,374 - default_logger - DEBUG - Update current game variables.
2026-03-16 13:41:27,412 - default_logger - DEBUG - Update current game variables.
2026-03-16 13:41:27,443 - default_logger - DEBUG - Update current game variables.
2026-03-16 13:41:27,485 - default_logger - DEBUG - Update current game variables.
2026-03-16 13:41:27,529 - default_logger - DEBUG - Update current game variables.
2026-03-16 13:41:27,563 - default_logger - DEBUG - Update current game variables.
2026-03-16 13:41:27,598 - default_logger - DEBUG - Update current game variables.
2026-03-16 13:41:27,640 - default_logger - DEBUG - Update current game variables.
2026-03-16 13:41:27,681 - default_logger - DEBUG - Update current game variables.
2026-03-16 13:41:27,714 - default_logger - DEBUG - Update current game variables.
2026-03-16 13:41:27,733 - default_logger - DEBUG - Mole turn started. Mole is here.
2026-03-16 13:41:27,743 - default_logger - DEBUG - wink the star icon.
2026-03-16 13:41:27,748 - default_logger - DEBUG - Update current game variables.
2026-03-16 13:41:27,862 - default_logger - DEBUG - wink the star icon.
2026-03-16 13:41:27,862 - default_logger - DEBUG - wink the star icon.
2026-03-16 13:41:27,862 - default_logger - DEBUG - wink the star icon.
2026-03-16 13:41:27,862 - default_logger - DEBUG - wink the star icon.
2026-03-16 13:41:27,894 - default_logger - DEBUG - Update current game variables.
2026-03-16 13:41:27,927 - default_logger - DEBUG - Update current game variables.
2026-03-16 13:41:27,958 - default_logger - DEBUG - Update current game variables.
2026-03-16 13:41:27,990 - default_logger - DEBUG - Update current game variables.
2026-03-16 13:41:28,020 - default_logger - DEBUG - Update current game variables.
2026-03-16 13:41:28,051 - default_logger - DEBUG - Update current game variables.
2026-03-16 13:41:28,082 - default_logger - DEBUG - Update current game variables.
2026-03-16 13:41:28,115 - default_logger - DEBUG - Update current game variables.
2026-03-16 13:41:28,134 - default_logger - DEBUG - Player successful hit!
2026-03-16 13:41:28,135 - default_logger - DEBUG - Player current score: 15
2026-03-16 13:41:28,136 - default_logger - DEBUG - Player current time int: 500
2026-03-16 13:41:28,136 - default_logger - DEBUG - Player last reaction time in ms: 400
2026-03-16 13:41:28,138 - default_logger - DEBUG - Player current playtime in s: 8.51
2026-03-16 13:41:28,138 - default_logger - DEBUG - Player current clicks: 15
2026-03-16 13:41:28,140 - default_logger - DEBUG - Player turn over.
2026-03-16 13:41:28,148 - default_logger - DEBUG - Update current game variables.
2026-03-16 13:41:28,180 - default_logger - DEBUG - Update current game variables.
2026-03-16 13:41:28,213 - default_logger - DEBUG - Update current game variables.
2026-03-16 13:41:28,242 - default_logger - DEBUG - wink the star icon.
2026-03-16 13:41:28,256 - default_logger - DEBUG - Update current game variables.
2026-03-16 13:41:28,263 - default_logger - DEBUG - wink the star icon.
2026-03-16 13:41:28,282 - default_logger - DEBUG - wink the star icon.
2026-03-16 13:41:28,298 - default_logger - DEBUG - Update current game variables.
2026-03-16 13:41:28,302 - default_logger - DEBUG - wink the star icon.
2026-03-16 13:41:28,322 - default_logger - DEBUG - wink the star icon.
2026-03-16 13:41:28,336 - default_logger - DEBUG - Update current game variables.
2026-03-16 13:41:28,368 - default_logger - DEBUG - Update current game variables.
2026-03-16 13:41:28,411 - default_logger - DEBUG - Update current game variables.
2026-03-16 13:41:28,444 - default_logger - DEBUG - Update current game variables.
2026-03-16 13:41:28,477 - default_logger - DEBUG - Update current game variables.
2026-03-16 13:41:28,507 - default_logger - DEBUG - Update current game variables.
2026-03-16 13:41:28,537 - default_logger - DEBUG - Update current game variables.
2026-03-16 13:41:28,578 - default_logger - DEBUG - Update current game variables.
2026-03-16 13:41:28,610 - default_logger - DEBUG - Update current game variables.
2026-03-16 13:41:28,634 - default_logger - DEBUG - Mole turn started. Mole is here.
2026-03-16 13:41:28,644 - default_logger - DEBUG - Update current game variables.
2026-03-16 13:41:28,680 - default_logger - DEBUG - Update current game variables.
2026-03-16 13:41:28,719 - default_logger - DEBUG - Update current game variables.
2026-03-16 13:41:28,743 - default_logger - DEBUG - wink the star icon.
2026-03-16 13:41:28,749 - default_logger - DEBUG - Update current game variables.
2026-03-16 13:41:28,763 - default_logger - DEBUG - wink the star icon.
2026-03-16 13:41:28,782 - default_logger - DEBUG - wink the star icon.
2026-03-16 13:41:28,784 - default_logger - DEBUG - Update current game variables.
2026-03-16 13:41:28,803 - default_logger - DEBUG - wink the star icon.
2026-03-16 13:41:28,814 - default_logger - DEBUG - Update current game variables.
2026-03-16 13:41:28,822 - default_logger - DEBUG - wink the star icon.
2026-03-16 13:41:28,856 - default_logger - DEBUG - Update current game variables.
2026-03-16 13:41:28,890 - default_logger - DEBUG - Update current game variables.
2026-03-16 13:41:28,922 - default_logger - DEBUG - Update current game variables.
2026-03-16 13:41:28,957 - default_logger - DEBUG - Update current game variables.
2026-03-16 13:41:29,003 - default_logger - DEBUG - Update current game variables.
2026-03-16 13:41:29,032 - default_logger - DEBUG - Update current game variables.
2026-03-16 13:41:29,040 - default_logger - DEBUG - Player successful hit!
2026-03-16 13:41:29,041 - default_logger - DEBUG - Player current score: 16
2026-03-16 13:41:29,042 - default_logger - DEBUG - Player current time int: 400
2026-03-16 13:41:29,043 - default_logger - DEBUG - Player last reaction time in ms: 400
2026-03-16 13:41:29,045 - default_logger - DEBUG - Player current playtime in s: 8.91
2026-03-16 13:41:29,046 - default_logger - DEBUG - Player current clicks: 16
2026-03-16 13:41:29,047 - default_logger - DEBUG - Player turn over.
2026-03-16 13:41:29,072 - default_logger - DEBUG - Update current game variables.
2026-03-16 13:41:29,107 - default_logger - DEBUG - Update current game variables.
2026-03-16 13:41:29,139 - default_logger - DEBUG - Update current game variables.
2026-03-16 13:41:29,182 - default_logger - DEBUG - Update current game variables.
2026-03-16 13:41:29,215 - default_logger - DEBUG - Update current game variables.
2026-03-16 13:41:29,244 - default_logger - DEBUG - wink the star icon.
2026-03-16 13:41:29,247 - default_logger - DEBUG - Update current game variables.
2026-03-16 13:41:29,262 - default_logger - DEBUG - wink the star icon.
2026-03-16 13:41:29,279 - default_logger - DEBUG - Update current game variables.
2026-03-16 13:41:29,283 - default_logger - DEBUG - wink the star icon.
2026-03-16 13:41:29,303 - default_logger - DEBUG - wink the star icon.
2026-03-16 13:41:29,315 - default_logger - DEBUG - Update current game variables.
2026-03-16 13:41:29,322 - default_logger - DEBUG - wink the star icon.
2026-03-16 13:41:29,347 - default_logger - DEBUG - Update current game variables.
2026-03-16 13:41:29,384 - default_logger - DEBUG - Update current game variables.
2026-03-16 13:41:29,415 - default_logger - DEBUG - Update current game variables.
2026-03-16 13:41:29,433 - default_logger - DEBUG - Mole turn started. Mole is here.
2026-03-16 13:41:29,457 - default_logger - DEBUG - Update current game variables.
2026-03-16 13:41:29,493 - default_logger - DEBUG - Update current game variables.
2026-03-16 13:41:29,523 - default_logger - DEBUG - Update current game variables.
2026-03-16 13:41:29,557 - default_logger - DEBUG - Update current game variables.
2026-03-16 13:41:29,599 - default_logger - DEBUG - Update current game variables.
2026-03-16 13:41:29,631 - default_logger - DEBUG - Update current game variables.
2026-03-16 13:41:29,674 - default_logger - DEBUG - Update current game variables.
2026-03-16 13:41:29,706 - default_logger - DEBUG - Update current game variables.
2026-03-16 13:41:29,741 - default_logger - DEBUG - Update current game variables.
2026-03-16 13:41:29,743 - default_logger - DEBUG - wink the star icon.
2026-03-16 13:41:29,763 - default_logger - DEBUG - wink the star icon.
2026-03-16 13:41:29,774 - default_logger - DEBUG - Update current game variables.
2026-03-16 13:41:29,784 - default_logger - DEBUG - wink the star icon.
2026-03-16 13:41:29,804 - default_logger - DEBUG - wink the star icon.
2026-03-16 13:41:29,807 - default_logger - DEBUG - Update current game variables.
2026-03-16 13:41:29,823 - default_logger - DEBUG - wink the star icon.
2026-03-16 13:41:29,841 - default_logger - DEBUG - Update current game variables.
2026-03-16 13:41:29,874 - default_logger - DEBUG - Update current game variables.
2026-03-16 13:41:29,894 - default_logger - DEBUG - Player successful hit!
2026-03-16 13:41:29,895 - default_logger - DEBUG - Player current score: 17
2026-03-16 13:41:29,896 - default_logger - DEBUG - Player current time int: 300
2026-03-16 13:41:29,896 - default_logger - DEBUG - Player last reaction time in ms: 400
2026-03-16 13:41:29,898 - default_logger - DEBUG - Player current playtime in s: 9.38
2026-03-16 13:41:29,899 - default_logger - DEBUG - Player current clicks: 17
2026-03-16 13:41:29,900 - default_logger - DEBUG - Player turn over.
2026-03-16 13:41:29,907 - default_logger - DEBUG - Update current game variables.
2026-03-16 13:41:29,937 - default_logger - DEBUG - Update current game variables.
2026-03-16 13:41:29,972 - default_logger - DEBUG - Update current game variables.
2026-03-16 13:41:30,003 - default_logger - DEBUG - Update current game variables.
2026-03-16 13:41:30,034 - default_logger - DEBUG - Update current game variables.
2026-03-16 13:41:30,077 - default_logger - DEBUG - Update current game variables.
2026-03-16 13:41:30,117 - default_logger - DEBUG - Update current game variables.
2026-03-16 13:41:30,133 - default_logger - DEBUG - Mole turn started. Mole is here.
2026-03-16 13:41:30,161 - default_logger - DEBUG - Update current game variables.
2026-03-16 13:41:30,193 - default_logger - DEBUG - Update current game variables.
2026-03-16 13:41:30,224 - default_logger - DEBUG - Update current game variables.
2026-03-16 13:41:30,244 - default_logger - DEBUG - wink the star icon.
2026-03-16 13:41:30,264 - default_logger - DEBUG - wink the star icon.
2026-03-16 13:41:30,265 - default_logger - DEBUG - Update current game variables.
2026-03-16 13:41:30,284 - default_logger - DEBUG - wink the star icon.
2026-03-16 13:41:30,302 - default_logger - DEBUG - Update current game variables.
2026-03-16 13:41:30,304 - default_logger - DEBUG - wink the star icon.
2026-03-16 13:41:30,323 - default_logger - DEBUG - wink the star icon.
2026-03-16 13:41:30,343 - default_logger - DEBUG - Update current game variables.
2026-03-16 13:41:30,382 - default_logger - DEBUG - Update current game variables.
2026-03-16 13:41:30,415 - default_logger - DEBUG - Update current game variables.
2026-03-16 13:41:30,446 - default_logger - DEBUG - Update current game variables.
2026-03-16 13:41:30,475 - default_logger - DEBUG - Update current game variables.
2026-03-16 13:41:30,505 - default_logger - DEBUG - Update current game variables.
2026-03-16 13:41:30,534 - default_logger - DEBUG - Player current playtime in s: 9.78
2026-03-16 13:41:30,534 - default_logger - DEBUG - Player current clicks: 17
2026-03-16 13:41:30,534 - default_logger - DEBUG - Player failed to hit.
2026-03-16 13:41:30,534 - default_logger - DEBUG - Player current fail count: 1
2026-03-16 13:41:30,534 - default_logger - DEBUG - Player turn over.
2026-03-16 13:41:30,547 - default_logger - DEBUG - Update current game variables.
2026-03-16 13:41:30,576 - default_logger - DEBUG - Update current game variables.
2026-03-16 13:41:30,608 - default_logger - DEBUG - Update current game variables.
2026-03-16 13:41:30,640 - default_logger - DEBUG - Update current game variables.
2026-03-16 13:41:30,672 - default_logger - DEBUG - Update current game variables.
2026-03-16 13:41:30,704 - default_logger - DEBUG - Update current game variables.
2026-03-16 13:41:30,734 - default_logger - DEBUG - Update current game variables.
2026-03-16 13:41:30,743 - default_logger - DEBUG - wink the star icon.
2026-03-16 13:41:30,763 - default_logger - DEBUG - wink the star icon.
2026-03-16 13:41:30,765 - default_logger - DEBUG - Update current game variables.
2026-03-16 13:41:30,783 - default_logger - DEBUG - wink the star icon.
2026-03-16 13:41:30,798 - default_logger - DEBUG - Update current game variables.
2026-03-16 13:41:30,804 - default_logger - DEBUG - wink the star icon.
2026-03-16 13:41:30,824 - default_logger - DEBUG - wink the star icon.
2026-03-16 13:41:30,830 - default_logger - DEBUG - Update current game variables.
2026-03-16 13:41:30,834 - default_logger - DEBUG - Mole turn started. Mole is here.
2026-03-16 13:41:30,870 - default_logger - DEBUG - Update current game variables.
2026-03-16 13:41:30,912 - default_logger - DEBUG - Update current game variables.
2026-03-16 13:41:30,954 - default_logger - DEBUG - Update current game variables.
2026-03-16 13:41:30,985 - default_logger - DEBUG - Update current game variables.
2026-03-16 13:41:31,016 - default_logger - DEBUG - Update current game variables.
2026-03-16 13:41:31,045 - default_logger - DEBUG - Update current game variables.
2026-03-16 13:41:31,077 - default_logger - DEBUG - Update current game variables.
2026-03-16 13:41:31,107 - default_logger - DEBUG - Update current game variables.
2026-03-16 13:41:31,144 - default_logger - DEBUG - Update current game variables.
2026-03-16 13:41:31,183 - default_logger - DEBUG - Update current game variables.
2026-03-16 13:41:31,223 - default_logger - DEBUG - Update current game variables.
2026-03-16 13:41:31,234 - default_logger - DEBUG - Player current playtime in s: 10.18
2026-03-16 13:41:31,236 - default_logger - DEBUG - Player current clicks: 17
2026-03-16 13:41:31,236 - default_logger - DEBUG - Player failed to hit.
2026-03-16 13:41:31,237 - default_logger - DEBUG - Player current fail count: 2
2026-03-16 13:41:31,238 - default_logger - DEBUG - Player turn over.
2026-03-16 13:41:31,244 - default_logger - DEBUG - wink the star icon.
2026-03-16 13:41:31,256 - default_logger - DEBUG - Update current game variables.
2026-03-16 13:41:31,263 - default_logger - DEBUG - wink the star icon.
2026-03-16 13:41:31,284 - default_logger - DEBUG - wink the star icon.
2026-03-16 13:41:31,285 - default_logger - DEBUG - Update current game variables.
2026-03-16 13:41:31,304 - default_logger - DEBUG - wink the star icon.
2026-03-16 13:41:31,316 - default_logger - DEBUG - Update current game variables.
2026-03-16 13:41:31,324 - default_logger - DEBUG - wink the star icon.
2026-03-16 13:41:31,348 - default_logger - DEBUG - Update current game variables.
2026-03-16 13:41:31,379 - default_logger - DEBUG - Update current game variables.
2026-03-16 13:41:31,409 - default_logger - DEBUG - Update current game variables.
2026-03-16 13:41:31,448 - default_logger - DEBUG - Update current game variables.
2026-03-16 13:41:31,486 - default_logger - DEBUG - Update current game variables.
2026-03-16 13:41:31,520 - default_logger - DEBUG - Update current game variables.
2026-03-16 13:41:31,535 - default_logger - DEBUG - Mole turn started. Mole is here.
2026-03-16 13:41:31,551 - default_logger - DEBUG - Update current game variables.
2026-03-16 13:41:31,592 - default_logger - DEBUG - Update current game variables.
2026-03-16 13:41:31,635 - default_logger - DEBUG - Update current game variables.
2026-03-16 13:41:31,670 - default_logger - DEBUG - Update current game variables.
2026-03-16 13:41:31,702 - default_logger - DEBUG - Update current game variables.
2026-03-16 13:41:31,739 - default_logger - DEBUG - Update current game variables.
2026-03-16 13:41:31,744 - default_logger - DEBUG - wink the star icon.
2026-03-16 13:41:31,764 - default_logger - DEBUG - wink the star icon.
2026-03-16 13:41:31,771 - default_logger - DEBUG - Update current game variables.
2026-03-16 13:41:31,785 - default_logger - DEBUG - wink the star icon.
2026-03-16 13:41:31,803 - default_logger - DEBUG - wink the star icon.
2026-03-16 13:41:31,807 - default_logger - DEBUG - Update current game variables.
2026-03-16 13:41:31,823 - default_logger - DEBUG - wink the star icon.
2026-03-16 13:41:31,843 - default_logger - DEBUG - Update current game variables.
2026-03-16 13:41:31,875 - default_logger - DEBUG - Update current game variables.
2026-03-16 13:41:31,914 - default_logger - DEBUG - Update current game variables.
2026-03-16 13:41:31,934 - default_logger - DEBUG - Player current playtime in s: 10.58
2026-03-16 13:41:31,937 - default_logger - DEBUG - Player current clicks: 17
2026-03-16 13:41:31,937 - default_logger - DEBUG - Player failed to hit.
2026-03-16 13:41:31,938 - default_logger - DEBUG - Player current fail count: 3
2026-03-16 13:41:31,940 - default_logger - DEBUG - Fail counter hit.
2026-03-16 13:41:31,940 - default_logger - DEBUG - Endgame triggered. Will reset game.
2026-03-16 13:41:31,940 - default_logger - DEBUG - Game is resetting.
2026-03-16 13:41:31,949 - default_logger - DEBUG - Update best stats variables.
2026-03-16 13:41:31,989 - default_logger - DEBUG - Update best stats variables.
2026-03-16 13:41:32,021 - default_logger - DEBUG - Update best stats variables.
2026-03-16 13:41:32,053 - default_logger - DEBUG - Update best stats variables.
2026-03-16 13:41:32,084 - default_logger - DEBUG - Update best stats variables.
2026-03-16 13:41:32,115 - default_logger - DEBUG - Update best stats variables.
2026-03-16 13:41:32,154 - default_logger - DEBUG - Update best stats variables.
2026-03-16 13:41:32,185 - default_logger - DEBUG - Update best stats variables.
2026-03-16 13:41:32,216 - default_logger - DEBUG - Update best stats variables.
2026-03-16 13:41:32,254 - default_logger - DEBUG - Update best stats variables.
2026-03-16 13:41:32,296 - default_logger - DEBUG - Update best stats variables.
2026-03-16 13:41:32,326 - default_logger - DEBUG - Update best stats variables.
2026-03-16 13:41:32,359 - default_logger - DEBUG - Update best stats variables.
2026-03-16 13:41:32,392 - default_logger - DEBUG - Update best stats variables.
2026-03-16 13:41:32,424 - default_logger - DEBUG - Update best stats variables.
2026-03-16 13:41:32,470 - default_logger - DEBUG - Update best stats variables.
2026-03-16 13:41:32,508 - default_logger - DEBUG - Update best stats variables.
2026-03-16 13:41:32,544 - default_logger - DEBUG - Update best stats variables.
2026-03-16 13:41:32,580 - default_logger - DEBUG - Update best stats variables.
2026-03-16 13:41:32,621 - default_logger - DEBUG - Update best stats variables.
2026-03-16 13:41:32,651 - default_logger - DEBUG - Update best stats variables.
2026-03-16 13:41:32,685 - default_logger - DEBUG - Update best stats variables.
2026-03-16 13:41:32,716 - default_logger - DEBUG - Update best stats variables.
2026-03-16 13:41:32,745 - default_logger - DEBUG - Update best stats variables.
2026-03-16 13:41:32,777 - default_logger - DEBUG - Update best stats variables.
2026-03-16 13:41:32,808 - default_logger - DEBUG - Update best stats variables.
2026-03-16 13:41:32,840 - default_logger - DEBUG - Update best stats variables.
2026-03-16 13:41:32,877 - default_logger - DEBUG - Update best stats variables.
2026-03-16 13:41:32,913 - default_logger - DEBUG - Update best stats variables.
2026-03-16 13:41:32,946 - default_logger - DEBUG - Update best stats variables.
2026-03-16 13:41:32,989 - default_logger - DEBUG - Update best stats variables.
2026-03-16 13:41:33,022 - default_logger - DEBUG - Update best stats variables.
2026-03-16 13:41:33,054 - default_logger - DEBUG - Update best stats variables.
2026-03-16 13:41:33,089 - default_logger - DEBUG - Update best stats variables.
2026-03-16 13:41:33,123 - default_logger - DEBUG - Update best stats variables.
2026-03-16 13:41:33,158 - default_logger - DEBUG - Update best stats variables.
2026-03-16 13:41:33,188 - default_logger - DEBUG - Update best stats variables.
2026-03-16 13:41:33,220 - default_logger - DEBUG - Update best stats variables.
2026-03-16 13:41:33,252 - default_logger - DEBUG - Update best stats variables.
2026-03-16 13:41:33,280 - default_logger - DEBUG - Update best stats variables.
2026-03-16 13:41:33,311 - default_logger - DEBUG - Update best stats variables.
2026-03-16 13:41:33,351 - default_logger - DEBUG - Update best stats variables.
2026-03-16 13:41:33,383 - default_logger - DEBUG - Update best stats variables.
2026-03-16 13:41:33,416 - default_logger - DEBUG - Update best stats variables.
2026-03-16 13:41:33,453 - default_logger - DEBUG - Update best stats variables.
2026-03-16 13:41:33,496 - default_logger - DEBUG - Update best stats variables.
2026-03-16 13:41:33,528 - default_logger - DEBUG - Update best stats variables.
2026-03-16 13:41:33,566 - default_logger - DEBUG - Update best stats variables.
2026-03-16 13:41:33,599 - default_logger - DEBUG - Update best stats variables.
2026-03-16 13:41:33,642 - default_logger - DEBUG - Update best stats variables.
2026-03-16 13:41:33,674 - default_logger - DEBUG - Update best stats variables.
2026-03-16 13:41:33,706 - default_logger - DEBUG - Update best stats variables.
2026-03-16 13:41:33,738 - default_logger - DEBUG - Update best stats variables.
2026-03-16 13:41:33,781 - default_logger - DEBUG - Update best stats variables.
2026-03-16 13:41:33,812 - default_logger - DEBUG - Update best stats variables.
2026-03-16 13:41:33,842 - default_logger - DEBUG - Update best stats variables.
2026-03-16 13:41:33,873 - default_logger - DEBUG - Update best stats variables.
2026-03-16 13:41:33,904 - default_logger - DEBUG - Update best stats variables.
2026-03-16 13:41:33,935 - default_logger - DEBUG - Update best stats variables.
2026-03-16 13:41:33,966 - default_logger - DEBUG - Update best stats variables.
2026-03-16 13:41:33,997 - default_logger - DEBUG - Update best stats variables.
2026-03-16 13:41:34,029 - default_logger - DEBUG - Update best stats variables.
2026-03-16 13:41:34,073 - default_logger - DEBUG - Update best stats variables.
2026-03-16 13:41:34,108 - default_logger - DEBUG - Update best stats variables.
2026-03-16 13:41:34,150 - default_logger - DEBUG - Update best stats variables.
2026-03-16 13:41:34,181 - default_logger - DEBUG - Update best stats variables.
2026-03-16 13:41:34,213 - default_logger - DEBUG - Update best stats variables.
2026-03-16 13:41:34,245 - default_logger - DEBUG - Update best stats variables.
2026-03-16 13:41:34,275 - default_logger - DEBUG - Update best stats variables.
2026-03-16 13:41:34,308 - default_logger - DEBUG - Update best stats variables.
2026-03-16 13:41:34,342 - default_logger - DEBUG - Update best stats variables.
2026-03-16 13:41:34,373 - default_logger - DEBUG - Update best stats variables.
2026-03-16 13:41:34,413 - default_logger - DEBUG - Update best stats variables.
2026-03-16 13:41:34,444 - default_logger - DEBUG - Update best stats variables.
2026-03-16 13:41:34,474 - default_logger - DEBUG - Update best stats variables.
2026-03-16 13:41:34,516 - default_logger - DEBUG - Update best stats variables.
2026-03-16 13:41:34,559 - default_logger - DEBUG - Update best stats variables.
2026-03-16 13:41:34,593 - default_logger - DEBUG - Update best stats variables.
2026-03-16 13:41:34,625 - default_logger - DEBUG - Update best stats variables.
2026-03-16 13:41:34,656 - default_logger - DEBUG - Update best stats variables.
2026-03-16 13:41:34,689 - default_logger - DEBUG - Update best stats variables.
2026-03-16 13:41:34,729 - default_logger - DEBUG - Update best stats variables.
2026-03-16 13:41:34,766 - default_logger - DEBUG - Update best stats variables.
2026-03-16 13:41:34,794 - default_logger - DEBUG - Update best stats variables.
2026-03-16 13:41:34,828 - default_logger - DEBUG - Update best stats variables.
2026-03-16 13:41:34,865 - default_logger - DEBUG - Update best stats variables.
2026-03-16 13:41:34,898 - default_logger - DEBUG - Update best stats variables.
2026-03-16 13:41:34,933 - default_logger - DEBUG - Update best stats variables.
2026-03-16 13:41:34,936 - default_logger - DEBUG - New best score set: 17
2026-03-16 13:41:34,936 - default_logger - DEBUG - Updated clicks count: 22
2026-03-16 13:41:34,939 - default_logger - DEBUG - New longest playtime set: 13.58
2026-03-16 13:41:34,941 - default_logger - DEBUG - Player shortest time int: 300
2026-03-16 13:41:34,941 - default_logger - DEBUG - Shortest mole interval updated: 300
2026-03-16 13:41:34,942 - default_logger - DEBUG - New best average reaction time set: 511.0
2026-03-16 13:41:34,943 - default_logger - DEBUG - Initializing game.
2026-03-16 13:41:34,943 - default_logger - DEBUG - Initializing game.
2026-03-16 13:41:34,944 - default_logger - DEBUG - Initializing game.
2026-03-16 13:41:34,946 - default_logger - DEBUG - wink the star icon.
2026-03-16 13:41:34,946 - default_logger - DEBUG - wink the star icon.
2026-03-16 13:41:34,964 - default_logger - DEBUG - wink the star icon.
2026-03-16 13:41:34,967 - default_logger - DEBUG - Update best stats variables.
2026-03-16 13:41:34,985 - default_logger - DEBUG - wink the star icon.
2026-03-16 13:41:35,000 - default_logger - DEBUG - Update best stats variables.
2026-03-16 13:41:35,004 - default_logger - DEBUG - wink the star icon.
2026-03-16 13:41:35,025 - default_logger - DEBUG - wink the star icon.
2026-03-16 13:41:35,039 - default_logger - DEBUG - Update best stats variables.
2026-03-16 13:41:35,073 - default_logger - DEBUG - Update best stats variables.
2026-03-16 13:41:35,107 - default_logger - DEBUG - Update best stats variables.
2026-03-16 13:41:35,141 - default_logger - DEBUG - Update best stats variables.
2026-03-16 13:41:35,174 - default_logger - DEBUG - Update best stats variables.
2026-03-16 13:41:35,209 - default_logger - DEBUG - Update best stats variables.
2026-03-16 13:41:35,242 - default_logger - DEBUG - Update best stats variables.
2026-03-16 13:41:35,278 - default_logger - DEBUG - Update best stats variables.
2026-03-16 13:41:35,311 - default_logger - DEBUG - Update best stats variables.
2026-03-16 13:41:35,349 - default_logger - DEBUG - Update best stats variables.
2026-03-16 13:41:35,384 - default_logger - DEBUG - Update best stats variables.
2026-03-16 13:41:35,417 - default_logger - DEBUG - Update best stats variables.
2026-03-16 13:41:35,445 - default_logger - DEBUG - wink the star icon.
2026-03-16 13:41:35,452 - default_logger - DEBUG - Update best stats variables.
2026-03-16 13:41:35,465 - default_logger - DEBUG - wink the star icon.
2026-03-16 13:41:35,482 - default_logger - DEBUG - Update best stats variables.
2026-03-16 13:41:35,486 - default_logger - DEBUG - wink the star icon.
2026-03-16 13:41:35,505 - default_logger - DEBUG - wink the star icon.
2026-03-16 13:41:35,522 - default_logger - DEBUG - Update best stats variables.
2026-03-16 13:41:35,526 - default_logger - DEBUG - wink the star icon.
2026-03-16 13:41:35,559 - default_logger - DEBUG - Update best stats variables.
2026-03-16 13:41:35,589 - default_logger - DEBUG - Update best stats variables.
2026-03-16 13:41:35,620 - default_logger - DEBUG - Update best stats variables.
2026-03-16 13:41:35,656 - default_logger - DEBUG - Update best stats variables.
2026-03-16 13:41:35,686 - default_logger - DEBUG - Update best stats variables.
2026-03-16 13:41:35,718 - default_logger - DEBUG - Update best stats variables.
2026-03-16 13:41:35,755 - default_logger - DEBUG - Update best stats variables.
2026-03-16 13:41:35,787 - default_logger - DEBUG - Update best stats variables.
2026-03-16 13:41:35,822 - default_logger - DEBUG - Update best stats variables.
2026-03-16 13:41:35,859 - default_logger - DEBUG - Update best stats variables.
2026-03-16 13:41:35,891 - default_logger - DEBUG - Update best stats variables.
2026-03-16 13:41:35,922 - default_logger - DEBUG - Update best stats variables.
2026-03-16 13:41:35,945 - default_logger - DEBUG - wink the star icon.
2026-03-16 13:41:35,962 - default_logger - DEBUG - Update best stats variables.
2026-03-16 13:41:35,965 - default_logger - DEBUG - wink the star icon.
2026-03-16 13:41:35,986 - default_logger - DEBUG - wink the star icon.
2026-03-16 13:41:35,996 - default_logger - DEBUG - Update best stats variables.
2026-03-16 13:41:36,005 - default_logger - DEBUG - wink the star icon.
2026-03-16 13:41:36,025 - default_logger - DEBUG - wink the star icon.
2026-03-16 13:41:36,030 - default_logger - DEBUG - Update best stats variables.
2026-03-16 13:41:36,069 - default_logger - DEBUG - Update best stats variables.
2026-03-16 13:41:36,099 - default_logger - DEBUG - Update best stats variables.
2026-03-16 13:41:36,143 - default_logger - DEBUG - Update best stats variables.
2026-03-16 13:41:36,174 - default_logger - DEBUG - Update best stats variables.
2026-03-16 13:41:36,207 - default_logger - DEBUG - Update best stats variables.
2026-03-16 13:41:36,237 - default_logger - DEBUG - Update best stats variables.
2026-03-16 13:41:36,267 - default_logger - DEBUG - Update best stats variables.
2026-03-16 13:41:36,298 - default_logger - DEBUG - Update best stats variables.
2026-03-16 13:41:36,330 - default_logger - DEBUG - Update best stats variables.
2026-03-16 13:41:36,371 - default_logger - DEBUG - Update best stats variables.
2026-03-16 13:41:36,415 - default_logger - DEBUG - Update best stats variables.
2026-03-16 13:41:36,445 - default_logger - DEBUG - Update best stats variables.
2026-03-16 13:41:36,446 - default_logger - DEBUG - wink the star icon.
2026-03-16 13:41:36,465 - default_logger - DEBUG - wink the star icon.
2026-03-16 13:41:36,477 - default_logger - DEBUG - Update best stats variables.
2026-03-16 13:41:36,485 - default_logger - DEBUG - wink the star icon.
2026-03-16 13:41:36,506 - default_logger - DEBUG - wink the star icon.
2026-03-16 13:41:36,517 - default_logger - DEBUG - Update best stats variables.
2026-03-16 13:41:36,527 - default_logger - DEBUG - wink the star icon.
2026-03-16 13:41:36,561 - default_logger - DEBUG - Update best stats variables.
2026-03-16 13:41:36,592 - default_logger - DEBUG - Update best stats variables.
2026-03-16 13:41:36,621 - default_logger - DEBUG - Update best stats variables.
2026-03-16 13:41:36,652 - default_logger - DEBUG - Update best stats variables.
2026-03-16 13:41:36,695 - default_logger - DEBUG - Update best stats variables.
2026-03-16 13:41:36,727 - default_logger - DEBUG - Update best stats variables.
2026-03-16 13:41:36,759 - default_logger - DEBUG - Update best stats variables.
2026-03-16 13:41:36,797 - default_logger - DEBUG - Update best stats variables.
2026-03-16 13:41:36,829 - default_logger - DEBUG - Update best stats variables.
2026-03-16 13:41:36,861 - default_logger - DEBUG - Update best stats variables.
2026-03-16 13:41:36,902 - default_logger - DEBUG - Update best stats variables.
2026-03-16 13:41:36,934 - default_logger - DEBUG - Update best stats variables.
2026-03-16 13:41:36,946 - default_logger - DEBUG - wink the star icon.
2026-03-16 13:41:36,966 - default_logger - DEBUG - wink the star icon.
2026-03-16 13:41:36,971 - default_logger - DEBUG - Update best stats variables.
2026-03-16 13:41:36,986 - default_logger - DEBUG - wink the star icon.
2026-03-16 13:41:37,002 - default_logger - DEBUG - Update best stats variables.
2026-03-16 13:41:37,007 - default_logger - DEBUG - wink the star icon.
2026-03-16 13:41:37,026 - default_logger - DEBUG - wink the star icon.
2026-03-16 13:41:37,035 - default_logger - DEBUG - Update best stats variables.
2026-03-16 13:41:37,066 - default_logger - DEBUG - Update best stats variables.
2026-03-16 13:41:37,095 - default_logger - DEBUG - Update best stats variables.
2026-03-16 13:41:37,138 - default_logger - DEBUG - Update best stats variables.
2026-03-16 13:41:37,179 - default_logger - DEBUG - Update best stats variables.
2026-03-16 13:41:37,221 - default_logger - DEBUG - Update best stats variables.
2026-03-16 13:41:37,253 - default_logger - DEBUG - Update best stats variables.
2026-03-16 13:41:37,281 - default_logger - DEBUG - Update best stats variables.
2026-03-16 13:41:37,324 - default_logger - DEBUG - Update best stats variables.
2026-03-16 13:41:37,368 - default_logger - DEBUG - Update best stats variables.
2026-03-16 13:41:37,398 - default_logger - DEBUG - Update best stats variables.
2026-03-16 13:41:37,431 - default_logger - DEBUG - Update best stats variables.
2026-03-16 13:41:37,447 - default_logger - DEBUG - wink the star icon.
2026-03-16 13:41:37,462 - default_logger - DEBUG - Update best stats variables.
2026-03-16 13:41:37,466 - default_logger - DEBUG - wink the star icon.
2026-03-16 13:41:37,486 - default_logger - DEBUG - wink the star icon.
2026-03-16 13:41:37,502 - default_logger - DEBUG - Update best stats variables.
2026-03-16 13:41:37,506 - default_logger - DEBUG - wink the star icon.
2026-03-16 13:41:37,526 - default_logger - DEBUG - wink the star icon.
2026-03-16 13:41:37,533 - default_logger - DEBUG - Update best stats variables.
2026-03-16 13:41:37,568 - default_logger - DEBUG - Update best stats variables.
2026-03-16 13:41:37,600 - default_logger - DEBUG - Update best stats variables.
2026-03-16 13:41:37,632 - default_logger - DEBUG - Update best stats variables.
2026-03-16 13:41:37,663 - default_logger - DEBUG - Update best stats variables.
2026-03-16 13:41:37,694 - default_logger - DEBUG - Update best stats variables.
2026-03-16 13:41:37,726 - default_logger - DEBUG - Update best stats variables.
2026-03-16 13:41:37,758 - default_logger - DEBUG - Update best stats variables.
2026-03-16 13:41:37,800 - default_logger - DEBUG - Update best stats variables.
2026-03-16 13:41:37,832 - default_logger - DEBUG - Update best stats variables.
2026-03-16 13:41:37,864 - default_logger - DEBUG - Update best stats variables.
2026-03-16 13:41:37,894 - default_logger - DEBUG - Update best stats variables.
2026-03-16 13:41:37,927 - default_logger - DEBUG - Update best stats variables.
2026-03-16 13:41:37,946 - default_logger - DEBUG - wink the star icon.
2026-03-16 13:41:37,966 - default_logger - DEBUG - wink the star icon.
2026-03-16 13:41:37,971 - default_logger - DEBUG - Update best stats variables.
2026-03-16 13:41:37,986 - default_logger - DEBUG - wink the star icon.
2026-03-16 13:41:38,006 - default_logger - DEBUG - wink the star icon.
2026-03-16 13:41:38,012 - default_logger - DEBUG - Update best stats variables.
2026-03-16 13:41:38,027 - default_logger - DEBUG - wink the star icon.
2026-03-16 13:41:38,058 - default_logger - DEBUG - Update best stats variables.
2026-03-16 13:41:38,087 - default_logger - DEBUG - Update best stats variables.
2026-03-16 13:41:38,120 - default_logger - DEBUG - Update best stats variables.
2026-03-16 13:41:38,148 - default_logger - DEBUG - Update best stats variables.
2026-03-16 13:41:38,185 - default_logger - DEBUG - Update best stats variables.
2026-03-16 13:41:38,225 - default_logger - DEBUG - Update best stats variables.
2026-03-16 13:41:38,257 - default_logger - DEBUG - Update best stats variables.
2026-03-16 13:41:38,289 - default_logger - DEBUG - Update best stats variables.
2026-03-16 13:41:38,322 - default_logger - DEBUG - Update best stats variables.
2026-03-16 13:41:38,353 - default_logger - DEBUG - Update best stats variables.
2026-03-16 13:41:38,385 - default_logger - DEBUG - Update best stats variables.
2026-03-16 13:41:38,417 - default_logger - DEBUG - Update best stats variables.
2026-03-16 13:41:38,447 - default_logger - DEBUG - wink the star icon.
2026-03-16 13:41:38,448 - default_logger - DEBUG - Update best stats variables.
2026-03-16 13:41:38,467 - default_logger - DEBUG - wink the star icon.
2026-03-16 13:41:38,486 - default_logger - DEBUG - wink the star icon.
2026-03-16 13:41:38,490 - default_logger - DEBUG - Update best stats variables.
2026-03-16 13:41:38,507 - default_logger - DEBUG - wink the star icon.
2026-03-16 13:41:38,521 - default_logger - DEBUG - Update best stats variables.
2026-03-16 13:41:38,526 - default_logger - DEBUG - wink the star icon.
2026-03-16 13:41:38,553 - default_logger - DEBUG - Update best stats variables.
2026-03-16 13:41:38,583 - default_logger - DEBUG - Update best stats variables.
2026-03-16 13:41:38,618 - default_logger - DEBUG - Update best stats variables.
2026-03-16 13:41:38,650 - default_logger - DEBUG - Update best stats variables.
2026-03-16 13:41:38,681 - default_logger - DEBUG - Update best stats variables.
2026-03-16 13:41:38,713 - default_logger - DEBUG - Update best stats variables.
2026-03-16 13:41:38,742 - default_logger - DEBUG - Update best stats variables.
2026-03-16 13:41:38,774 - default_logger - DEBUG - Update best stats variables.
2026-03-16 13:41:38,807 - default_logger - DEBUG - Update best stats variables.
2026-03-16 13:41:38,845 - default_logger - DEBUG - Update best stats variables.
2026-03-16 13:41:38,877 - default_logger - DEBUG - Update best stats variables.
2026-03-16 13:41:38,909 - default_logger - DEBUG - Update best stats variables.
2026-03-16 13:41:38,946 - default_logger - DEBUG - wink the star icon.
2026-03-16 13:41:38,954 - default_logger - DEBUG - Update best stats variables.
2026-03-16 13:41:38,967 - default_logger - DEBUG - wink the star icon.
2026-03-16 13:41:38,986 - default_logger - DEBUG - wink the star icon.
2026-03-16 13:41:38,996 - default_logger - DEBUG - Update best stats variables.
2026-03-16 13:41:39,007 - default_logger - DEBUG - wink the star icon.
2026-03-16 13:41:39,027 - default_logger - DEBUG - wink the star icon.
2026-03-16 13:41:39,035 - default_logger - DEBUG - Update best stats variables.
2026-03-16 13:41:39,073 - default_logger - DEBUG - Update best stats variables.
2026-03-16 13:41:39,104 - default_logger - DEBUG - Update best stats variables.
2026-03-16 13:41:39,135 - default_logger - DEBUG - Update best stats variables.
2026-03-16 13:41:39,168 - default_logger - DEBUG - Update best stats variables.
2026-03-16 13:41:39,200 - default_logger - DEBUG - Update best stats variables.
2026-03-16 13:41:39,232 - default_logger - DEBUG - Update best stats variables.
2026-03-16 13:41:39,264 - default_logger - DEBUG - Update best stats variables.
2026-03-16 13:41:39,295 - default_logger - DEBUG - Update best stats variables.
2026-03-16 13:41:39,327 - default_logger - DEBUG - Update best stats variables.
2026-03-16 13:41:39,367 - default_logger - DEBUG - Update best stats variables.
2026-03-16 13:41:39,410 - default_logger - DEBUG - Update best stats variables.
2026-03-16 13:41:39,445 - default_logger - DEBUG - Update best stats variables.
2026-03-16 13:41:39,446 - default_logger - DEBUG - wink the star icon.
2026-03-16 13:41:39,467 - default_logger - DEBUG - wink the star icon.
2026-03-16 13:41:39,476 - default_logger - DEBUG - Update best stats variables.
2026-03-16 13:41:39,486 - default_logger - DEBUG - wink the star icon.
2026-03-16 13:41:39,506 - default_logger - DEBUG - wink the star icon.
2026-03-16 13:41:39,513 - default_logger - DEBUG - Update best stats variables.
2026-03-16 13:41:39,528 - default_logger - DEBUG - wink the star icon.
2026-03-16 13:41:39,543 - default_logger - DEBUG - Update best stats variables.
2026-03-16 13:41:39,576 - default_logger - DEBUG - Update best stats variables.
2026-03-16 13:41:39,618 - default_logger - DEBUG - Update best stats variables.
2026-03-16 13:41:39,659 - default_logger - DEBUG - Update best stats variables.
2026-03-16 13:41:39,704 - default_logger - DEBUG - Update best stats variables.
2026-03-16 13:41:39,735 - default_logger - DEBUG - Update best stats variables.
2026-03-16 13:41:39,779 - default_logger - DEBUG - Update best stats variables.
2026-03-16 13:41:39,813 - default_logger - DEBUG - Update best stats variables.
2026-03-16 13:41:39,850 - default_logger - DEBUG - Update best stats variables.
2026-03-16 13:41:39,881 - default_logger - DEBUG - Update best stats variables.
2026-03-16 13:41:39,912 - default_logger - DEBUG - Update best stats variables.
2026-03-16 13:41:39,947 - default_logger - DEBUG - wink the star icon.
2026-03-16 13:41:39,950 - default_logger - DEBUG - Update best stats variables.
2026-03-16 13:41:39,967 - default_logger - DEBUG - wink the star icon.
2026-03-16 13:41:39,984 - default_logger - DEBUG - Update best stats variables.
2026-03-16 13:41:39,987 - default_logger - DEBUG - wink the star icon.
2026-03-16 13:41:40,007 - default_logger - DEBUG - wink the star icon.
2026-03-16 13:41:40,024 - default_logger - DEBUG - Update best stats variables.
2026-03-16 13:41:40,027 - default_logger - DEBUG - wink the star icon.
2026-03-16 13:41:40,056 - default_logger - DEBUG - Update best stats variables.
2026-03-16 13:41:40,099 - default_logger - DEBUG - Update best stats variables.
2026-03-16 13:41:40,130 - default_logger - DEBUG - Update best stats variables.
2026-03-16 13:41:40,159 - default_logger - DEBUG - Update best stats variables.
2026-03-16 13:41:40,202 - default_logger - DEBUG - Update best stats variables.
2026-03-16 13:41:40,236 - default_logger - DEBUG - Update best stats variables.
2026-03-16 13:41:40,268 - default_logger - DEBUG - Update best stats variables.
2026-03-16 13:41:40,301 - default_logger - DEBUG - Update best stats variables.
2026-03-16 13:41:40,331 - default_logger - DEBUG - Update best stats variables.
2026-03-16 13:41:40,362 - default_logger - DEBUG - Update best stats variables.
2026-03-16 13:41:40,394 - default_logger - DEBUG - Update best stats variables.
2026-03-16 13:41:40,425 - default_logger - DEBUG - Update best stats variables.
2026-03-16 13:41:40,447 - default_logger - DEBUG - wink the star icon.
2026-03-16 13:41:40,465 - default_logger - DEBUG - Update best stats variables.
2026-03-16 13:41:40,468 - default_logger - DEBUG - wink the star icon.
2026-03-16 13:41:40,487 - default_logger - DEBUG - wink the star icon.
2026-03-16 13:41:40,507 - default_logger - DEBUG - wink the star icon.
2026-03-16 13:41:40,508 - default_logger - DEBUG - Update best stats variables.
2026-03-16 13:41:40,527 - default_logger - DEBUG - wink the star icon.
2026-03-16 13:41:40,550 - default_logger - DEBUG - Update best stats variables.
2026-03-16 13:41:40,584 - default_logger - DEBUG - Update best stats variables.
2026-03-16 13:41:40,624 - default_logger - DEBUG - Update best stats variables.
2026-03-16 13:41:40,658 - default_logger - DEBUG - Update best stats variables.
2026-03-16 13:41:40,691 - default_logger - DEBUG - Update best stats variables.
2026-03-16 13:41:40,730 - default_logger - DEBUG - Update best stats variables.
2026-03-16 13:41:40,769 - default_logger - DEBUG - Update best stats variables.
2026-03-16 13:41:40,800 - default_logger - DEBUG - Update best stats variables.
2026-03-16 13:41:40,831 - default_logger - DEBUG - Update best stats variables.
2026-03-16 13:41:40,861 - default_logger - DEBUG - Update best stats variables.
2026-03-16 13:41:40,892 - default_logger - DEBUG - Update best stats variables.
2026-03-16 13:41:40,923 - default_logger - DEBUG - Update best stats variables.
2026-03-16 13:41:40,948 - default_logger - DEBUG - wink the star icon.
2026-03-16 13:41:40,957 - default_logger - DEBUG - Update best stats variables.
2026-03-16 13:41:40,967 - default_logger - DEBUG - wink the star icon.
2026-03-16 13:41:40,988 - default_logger - DEBUG - wink the star icon.
2026-03-16 13:41:40,990 - default_logger - DEBUG - Update best stats variables.
2026-03-16 13:41:41,008 - default_logger - DEBUG - wink the star icon.
2026-03-16 13:41:41,023 - default_logger - DEBUG - Update best stats variables.
2026-03-16 13:41:41,027 - default_logger - DEBUG - wink the star icon.
2026-03-16 13:41:41,055 - default_logger - DEBUG - Update best stats variables.
2026-03-16 13:41:41,088 - default_logger - DEBUG - Update best stats variables.
2026-03-16 13:41:41,119 - default_logger - DEBUG - Update best stats variables.
2026-03-16 13:41:41,149 - default_logger - DEBUG - Update best stats variables.
2026-03-16 13:41:41,179 - default_logger - DEBUG - Update best stats variables.
2026-03-16 13:41:41,222 - default_logger - DEBUG - Update best stats variables.
2026-03-16 13:41:41,263 - default_logger - DEBUG - Update best stats variables.
2026-03-16 13:41:41,303 - default_logger - DEBUG - Update best stats variables.
2026-03-16 13:41:41,345 - default_logger - DEBUG - Update best stats variables.
2026-03-16 13:41:41,380 - default_logger - DEBUG - Update best stats variables.
2026-03-16 13:41:41,415 - default_logger - DEBUG - Update best stats variables.
2026-03-16 13:41:41,447 - default_logger - DEBUG - wink the star icon.
2026-03-16 13:41:41,449 - default_logger - DEBUG - Update best stats variables.
2026-03-16 13:41:41,468 - default_logger - DEBUG - wink the star icon.
2026-03-16 13:41:41,477 - default_logger - DEBUG - Update best stats variables.
2026-03-16 13:41:41,488 - default_logger - DEBUG - wink the star icon.
2026-03-16 13:41:41,508 - default_logger - DEBUG - wink the star icon.
2026-03-16 13:41:41,522 - default_logger - DEBUG - Update best stats variables.
2026-03-16 13:41:41,528 - default_logger - DEBUG - wink the star icon.
2026-03-16 13:41:41,560 - default_logger - DEBUG - Update best stats variables.
2026-03-16 13:41:41,590 - default_logger - DEBUG - Update best stats variables.
2026-03-16 13:41:41,625 - default_logger - DEBUG - Update best stats variables.
2026-03-16 13:41:41,659 - default_logger - DEBUG - Update best stats variables.
2026-03-16 13:41:41,693 - default_logger - DEBUG - Update best stats variables.
2026-03-16 13:41:41,727 - default_logger - DEBUG - Update best stats variables.
2026-03-16 13:41:41,762 - default_logger - DEBUG - Update best stats variables.
2026-03-16 13:41:41,796 - default_logger - DEBUG - Update best stats variables.
2026-03-16 13:41:41,831 - default_logger - DEBUG - Update best stats variables.
2026-03-16 13:41:41,866 - default_logger - DEBUG - Update best stats variables.
2026-03-16 13:41:41,902 - default_logger - DEBUG - Update best stats variables.
2026-03-16 13:41:41,945 - default_logger - DEBUG - Update best stats variables.
2026-03-16 13:41:41,948 - default_logger - DEBUG - wink the star icon.
2026-03-16 13:41:41,968 - default_logger - DEBUG - wink the star icon.
2026-03-16 13:41:41,980 - default_logger - DEBUG - Update best stats variables.
2026-03-16 13:41:41,987 - default_logger - DEBUG - wink the star icon.
2026-03-16 13:41:42,008 - default_logger - DEBUG - wink the star icon.
2026-03-16 13:41:42,021 - default_logger - DEBUG - Update best stats variables.
2026-03-16 13:41:42,028 - default_logger - DEBUG - wink the star icon.
2026-03-16 13:41:42,055 - default_logger - DEBUG - Update best stats variables.
2026-03-16 13:41:42,089 - default_logger - DEBUG - Update best stats variables.
2026-03-16 13:41:42,132 - default_logger - DEBUG - Update best stats variables.
2026-03-16 13:41:42,165 - default_logger - DEBUG - Update best stats variables.
2026-03-16 13:41:42,202 - default_logger - DEBUG - Update best stats variables.
2026-03-16 13:41:42,232 - default_logger - DEBUG - Update best stats variables.
2026-03-16 13:41:42,263 - default_logger - DEBUG - Update best stats variables.
2026-03-16 13:41:42,297 - default_logger - DEBUG - Update best stats variables.
2026-03-16 13:41:42,327 - default_logger - DEBUG - Update best stats variables.
2026-03-16 13:41:42,362 - default_logger - DEBUG - Update best stats variables.
2026-03-16 13:41:42,391 - default_logger - DEBUG - Update best stats variables.
2026-03-16 13:41:42,425 - default_logger - DEBUG - Update best stats variables.
2026-03-16 13:41:42,448 - default_logger - DEBUG - wink the star icon.
2026-03-16 13:41:42,465 - default_logger - DEBUG - Update best stats variables.
2026-03-16 13:41:42,468 - default_logger - DEBUG - wink the star icon.
2026-03-16 13:41:42,488 - default_logger - DEBUG - wink the star icon.
2026-03-16 13:41:42,508 - default_logger - DEBUG - wink the star icon.
2026-03-16 13:41:42,509 - default_logger - DEBUG - Update best stats variables.
2026-03-16 13:41:42,528 - default_logger - DEBUG - wink the star icon.
2026-03-16 13:41:42,548 - default_logger - DEBUG - Update best stats variables.
2026-03-16 13:41:42,592 - default_logger - DEBUG - Update best stats variables.
2026-03-16 13:41:42,625 - default_logger - DEBUG - Update best stats variables.
2026-03-16 13:41:42,657 - default_logger - DEBUG - Update best stats variables.
2026-03-16 13:41:42,692 - default_logger - DEBUG - Update best stats variables.
2026-03-16 13:41:42,722 - default_logger - DEBUG - Update best stats variables.
2026-03-16 13:41:42,752 - default_logger - DEBUG - Update best stats variables.
2026-03-16 13:41:42,785 - default_logger - DEBUG - Update best stats variables.
2026-03-16 13:41:42,822 - default_logger - DEBUG - Update best stats variables.
2026-03-16 13:41:42,859 - default_logger - DEBUG - Update best stats variables.
2026-03-16 13:41:42,891 - default_logger - DEBUG - Update best stats variables.
2026-03-16 13:41:42,936 - default_logger - DEBUG - Update best stats variables.
2026-03-16 13:41:42,948 - default_logger - DEBUG - wink the star icon.
2026-03-16 13:41:42,968 - default_logger - DEBUG - wink the star icon.
2026-03-16 13:41:42,973 - default_logger - DEBUG - Update best stats variables.
2026-03-16 13:41:42,989 - default_logger - DEBUG - wink the star icon.
2026-03-16 13:41:43,008 - default_logger - DEBUG - wink the star icon.
2026-03-16 13:41:43,017 - default_logger - DEBUG - Update best stats variables.
2026-03-16 13:41:43,028 - default_logger - DEBUG - wink the star icon.
2026-03-16 13:41:43,055 - default_logger - DEBUG - Update best stats variables.
2026-03-16 13:41:43,086 - default_logger - DEBUG - Update best stats variables.
2026-03-16 13:41:43,118 - default_logger - DEBUG - Update best stats variables.
2026-03-16 13:41:43,151 - default_logger - DEBUG - Update best stats variables.
2026-03-16 13:41:43,195 - default_logger - DEBUG - Update best stats variables.
2026-03-16 13:41:43,231 - default_logger - DEBUG - Update best stats variables.
2026-03-16 13:41:43,263 - default_logger - DEBUG - Update best stats variables.
2026-03-16 13:41:43,294 - default_logger - DEBUG - Update best stats variables.
2026-03-16 13:41:43,326 - default_logger - DEBUG - Update best stats variables.
2026-03-16 13:41:43,370 - default_logger - DEBUG - Update best stats variables.
2026-03-16 13:41:43,402 - default_logger - DEBUG - Update best stats variables.
2026-03-16 13:41:43,445 - default_logger - DEBUG - Update best stats variables.
2026-03-16 13:41:43,449 - default_logger - DEBUG - wink the star icon.
2026-03-16 13:41:43,469 - default_logger - DEBUG - wink the star icon.
2026-03-16 13:41:43,479 - default_logger - DEBUG - Update best stats variables.
2026-03-16 13:41:43,488 - default_logger - DEBUG - wink the star icon.
2026-03-16 13:41:43,509 - default_logger - DEBUG - wink the star icon.
2026-03-16 13:41:43,513 - default_logger - DEBUG - Update best stats variables.
2026-03-16 13:41:43,529 - default_logger - DEBUG - wink the star icon.
2026-03-16 13:41:43,559 - default_logger - DEBUG - Update best stats variables.
2026-03-16 13:41:43,592 - default_logger - DEBUG - Update best stats variables.
2026-03-16 13:41:43,625 - default_logger - DEBUG - Update best stats variables.
2026-03-16 13:41:43,657 - default_logger - DEBUG - Update best stats variables.
2026-03-16 13:41:43,687 - default_logger - DEBUG - Update best stats variables.
2026-03-16 13:41:43,723 - default_logger - DEBUG - Update best stats variables.
2026-03-16 13:41:43,757 - default_logger - DEBUG - Update best stats variables.
2026-03-16 13:41:43,792 - default_logger - DEBUG - Update best stats variables.
2026-03-16 13:41:43,822 - default_logger - DEBUG - Update best stats variables.
2026-03-16 13:41:43,854 - default_logger - DEBUG - Update best stats variables.
2026-03-16 13:41:43,888 - default_logger - DEBUG - Update best stats variables.
2026-03-16 13:41:43,919 - default_logger - DEBUG - Update best stats variables.
2026-03-16 13:41:43,948 - default_logger - DEBUG - wink the star icon.
2026-03-16 13:41:43,950 - default_logger - DEBUG - Update best stats variables.
2026-03-16 13:41:43,969 - default_logger - DEBUG - wink the star icon.
2026-03-16 13:41:43,981 - default_logger - DEBUG - Update best stats variables.
2026-03-16 13:41:43,988 - default_logger - DEBUG - wink the star icon.
2026-03-16 13:41:44,008 - default_logger - DEBUG - wink the star icon.
2026-03-16 13:41:44,014 - default_logger - DEBUG - Update best stats variables.
2026-03-16 13:41:44,028 - default_logger - DEBUG - wink the star icon.
2026-03-16 13:41:44,047 - default_logger - DEBUG - Update best stats variables.
2026-03-16 13:41:44,079 - default_logger - DEBUG - Update best stats variables.
2026-03-16 13:41:44,119 - default_logger - DEBUG - Update best stats variables.
2026-03-16 13:41:44,154 - default_logger - DEBUG - Update best stats variables.
2026-03-16 13:41:44,187 - default_logger - DEBUG - Update best stats variables.
2026-03-16 13:41:44,225 - default_logger - DEBUG - Update best stats variables.
2026-03-16 13:41:44,257 - default_logger - DEBUG - Update best stats variables.
2026-03-16 13:41:44,291 - default_logger - DEBUG - Update best stats variables.
2026-03-16 13:41:44,323 - default_logger - DEBUG - Update best stats variables.
2026-03-16 13:41:44,354 - default_logger - DEBUG - Update best stats variables.
2026-03-16 13:41:44,383 - default_logger - DEBUG - Update best stats variables.
2026-03-16 13:41:44,415 - default_logger - DEBUG - Update best stats variables.
2026-03-16 13:41:44,447 - default_logger - DEBUG - Update best stats variables.
2026-03-16 13:41:44,448 - default_logger - DEBUG - wink the star icon.
2026-03-16 13:41:44,468 - default_logger - DEBUG - wink the star icon.
2026-03-16 13:41:44,479 - default_logger - DEBUG - Update best stats variables.
2026-03-16 13:41:44,490 - default_logger - DEBUG - wink the star icon.
2026-03-16 13:41:44,509 - default_logger - DEBUG - wink the star icon.
2026-03-16 13:41:44,514 - default_logger - DEBUG - Update best stats variables.
2026-03-16 13:41:44,529 - default_logger - DEBUG - wink the star icon.
2026-03-16 13:41:44,548 - default_logger - DEBUG - Update best stats variables.
2026-03-16 13:41:44,583 - default_logger - DEBUG - Update best stats variables.
2026-03-16 13:41:44,616 - default_logger - DEBUG - Update best stats variables.
2026-03-16 13:41:44,653 - default_logger - DEBUG - Update best stats variables.
2026-03-16 13:41:44,695 - default_logger - DEBUG - Update best stats variables.
2026-03-16 13:41:44,732 - default_logger - DEBUG - Update best stats variables.
2026-03-16 13:41:44,764 - default_logger - DEBUG - Update best stats variables.
2026-03-16 13:41:44,809 - default_logger - DEBUG - Update best stats variables.
2026-03-16 13:41:44,839 - default_logger - DEBUG - Update best stats variables.
2026-03-16 13:41:44,869 - default_logger - DEBUG - Update best stats variables.
2026-03-16 13:41:44,911 - default_logger - DEBUG - Update best stats variables.
2026-03-16 13:41:44,942 - default_logger - DEBUG - Update best stats variables.
2026-03-16 13:41:44,950 - default_logger - DEBUG - wink the star icon.
2026-03-16 13:41:44,969 - default_logger - DEBUG - wink the star icon.
2026-03-16 13:41:44,975 - default_logger - DEBUG - Update best stats variables.
2026-03-16 13:41:44,989 - default_logger - DEBUG - wink the star icon.
2026-03-16 13:41:45,009 - default_logger - DEBUG - wink the star icon.
2026-03-16 13:41:45,017 - default_logger - DEBUG - Update best stats variables.
2026-03-16 13:41:45,029 - default_logger - DEBUG - wink the star icon.
2026-03-16 13:41:45,050 - default_logger - DEBUG - Update best stats variables.
2026-03-16 13:41:45,084 - default_logger - DEBUG - Update best stats variables.
2026-03-16 13:41:45,118 - default_logger - DEBUG - Update best stats variables.
2026-03-16 13:41:45,147 - default_logger - DEBUG - Update best stats variables.
2026-03-16 13:41:45,182 - default_logger - DEBUG - Update best stats variables.
2026-03-16 13:41:45,215 - default_logger - DEBUG - Update best stats variables.
2026-03-16 13:41:45,248 - default_logger - DEBUG - Update best stats variables.
2026-03-16 13:41:45,278 - default_logger - DEBUG - Update best stats variables.
2026-03-16 13:41:45,313 - default_logger - DEBUG - Update best stats variables.
2026-03-16 13:41:45,348 - default_logger - DEBUG - Update best stats variables.
2026-03-16 13:41:45,385 - default_logger - DEBUG - Update best stats variables.
2026-03-16 13:41:45,417 - default_logger - DEBUG - Update best stats variables.
2026-03-16 13:41:45,448 - default_logger - DEBUG - Update best stats variables.
2026-03-16 13:41:45,450 - default_logger - DEBUG - wink the star icon.
2026-03-16 13:41:45,468 - default_logger - DEBUG - wink the star icon.
2026-03-16 13:41:45,486 - default_logger - DEBUG - Update best stats variables.
2026-03-16 13:41:45,489 - default_logger - DEBUG - wink the star icon.
2026-03-16 13:41:45,510 - default_logger - DEBUG - wink the star icon.
2026-03-16 13:41:45,529 - default_logger - DEBUG - wink the star icon.
2026-03-16 13:41:45,529 - default_logger - DEBUG - Update best stats variables.
2026-03-16 13:41:45,572 - default_logger - DEBUG - Update best stats variables.
2026-03-16 13:41:45,615 - default_logger - DEBUG - Update best stats variables.
2026-03-16 13:41:45,646 - default_logger - DEBUG - Update best stats variables.
2026-03-16 13:41:45,681 - default_logger - DEBUG - Update best stats variables.
2026-03-16 13:41:45,717 - default_logger - DEBUG - Update best stats variables.
2026-03-16 13:41:45,751 - default_logger - DEBUG - Update best stats variables.
2026-03-16 13:41:45,782 - default_logger - DEBUG - Update best stats variables.
2026-03-16 13:41:45,823 - default_logger - DEBUG - Update best stats variables.
2026-03-16 13:41:45,855 - default_logger - DEBUG - Update best stats variables.
2026-03-16 13:41:45,895 - default_logger - DEBUG - Update best stats variables.
2026-03-16 13:41:45,931 - default_logger - DEBUG - Update best stats variables.
2026-03-16 13:41:45,950 - default_logger - DEBUG - wink the star icon.
2026-03-16 13:41:45,962 - default_logger - DEBUG - Update best stats variables.
2026-03-16 13:41:45,969 - default_logger - DEBUG - wink the star icon.
2026-03-16 13:41:45,989 - default_logger - DEBUG - wink the star icon.
2026-03-16 13:41:45,992 - default_logger - DEBUG - Update best stats variables.
2026-03-16 13:41:46,009 - default_logger - DEBUG - wink the star icon.
2026-03-16 13:41:46,026 - default_logger - DEBUG - Update best stats variables.
2026-03-16 13:41:46,030 - default_logger - DEBUG - wink the star icon.
2026-03-16 13:41:46,058 - default_logger - DEBUG - Update best stats variables.
2026-03-16 13:41:46,091 - default_logger - DEBUG - Update best stats variables.
2026-03-16 13:41:46,123 - default_logger - DEBUG - Update best stats variables.
2026-03-16 13:41:46,164 - default_logger - DEBUG - Update best stats variables.
2026-03-16 13:41:46,195 - default_logger - DEBUG - Update best stats variables.
2026-03-16 13:41:46,227 - default_logger - DEBUG - Update best stats variables.
2026-03-16 13:41:46,256 - default_logger - DEBUG - Update best stats variables.
2026-03-16 13:41:46,298 - default_logger - DEBUG - Update best stats variables.
2026-03-16 13:41:46,329 - default_logger - DEBUG - Update best stats variables.
2026-03-16 13:41:46,361 - default_logger - DEBUG - Update best stats variables.
2026-03-16 13:41:46,391 - default_logger - DEBUG - Update best stats variables.
2026-03-16 13:41:46,425 - default_logger - DEBUG - Update best stats variables.
2026-03-16 13:41:46,449 - default_logger - DEBUG - wink the star icon.
2026-03-16 13:41:46,454 - default_logger - DEBUG - Update best stats variables.
2026-03-16 13:41:46,469 - default_logger - DEBUG - wink the star icon.
2026-03-16 13:41:46,488 - default_logger - DEBUG - Update best stats variables.
2026-03-16 13:41:46,490 - default_logger - DEBUG - wink the star icon.
2026-03-16 13:41:46,510 - default_logger - DEBUG - wink the star icon.
2026-03-16 13:41:46,521 - default_logger - DEBUG - Update best stats variables.
2026-03-16 13:41:46,530 - default_logger - DEBUG - wink the star icon.
2026-03-16 13:41:46,557 - default_logger - DEBUG - Update best stats variables.
2026-03-16 13:41:46,591 - default_logger - DEBUG - Update best stats variables.
2026-03-16 13:41:46,625 - default_logger - DEBUG - Update best stats variables.
2026-03-16 13:41:46,660 - default_logger - DEBUG - Update best stats variables.
2026-03-16 13:41:46,694 - default_logger - DEBUG - Update best stats variables.
2026-03-16 13:41:46,727 - default_logger - DEBUG - Update best stats variables.
2026-03-16 13:41:46,758 - default_logger - DEBUG - Update best stats variables.
2026-03-16 13:41:46,788 - default_logger - DEBUG - Update best stats variables.
2026-03-16 13:41:46,819 - default_logger - DEBUG - Update best stats variables.
2026-03-16 13:41:46,852 - default_logger - DEBUG - Update best stats variables.
2026-03-16 13:41:46,883 - default_logger - DEBUG - Update best stats variables.
2026-03-16 13:41:46,915 - default_logger - DEBUG - Update best stats variables.
2026-03-16 13:41:46,950 - default_logger - DEBUG - Update best stats variables.
2026-03-16 13:41:46,950 - default_logger - DEBUG - wink the star icon.
2026-03-16 13:41:46,970 - default_logger - DEBUG - wink the star icon.
2026-03-16 13:41:46,983 - default_logger - DEBUG - Update best stats variables.
2026-03-16 13:41:46,990 - default_logger - DEBUG - wink the star icon.
2026-03-16 13:41:47,009 - default_logger - DEBUG - wink the star icon.
2026-03-16 13:41:47,025 - default_logger - DEBUG - Update best stats variables.
2026-03-16 13:41:47,029 - default_logger - DEBUG - wink the star icon.
2026-03-16 13:41:47,058 - default_logger - DEBUG - Update best stats variables.
2026-03-16 13:41:47,092 - default_logger - DEBUG - Update best stats variables.
2026-03-16 13:41:47,126 - default_logger - DEBUG - Update best stats variables.
2026-03-16 13:41:47,156 - default_logger - DEBUG - Update best stats variables.
2026-03-16 13:41:47,187 - default_logger - DEBUG - Update best stats variables.
2026-03-16 13:41:47,218 - default_logger - DEBUG - Update best stats variables.
2026-03-16 13:41:47,250 - default_logger - DEBUG - Update best stats variables.
2026-03-16 13:41:47,283 - default_logger - DEBUG - Update best stats variables.
2026-03-16 13:41:47,313 - default_logger - DEBUG - Update best stats variables.
2026-03-16 13:41:47,353 - default_logger - DEBUG - Update best stats variables.
2026-03-16 13:41:47,384 - default_logger - DEBUG - Update best stats variables.
2026-03-16 13:41:47,428 - default_logger - DEBUG - Update best stats variables.
2026-03-16 13:41:47,450 - default_logger - DEBUG - wink the star icon.
2026-03-16 13:41:47,468 - default_logger - DEBUG - Update best stats variables.
2026-03-16 13:41:47,470 - default_logger - DEBUG - wink the star icon.
2026-03-16 13:41:47,489 - default_logger - DEBUG - wink the star icon.
2026-03-16 13:41:47,501 - default_logger - DEBUG - Update best stats variables.
2026-03-16 13:41:47,510 - default_logger - DEBUG - wink the star icon.
2026-03-16 13:41:47,531 - default_logger - DEBUG - wink the star icon.
2026-03-16 13:41:47,533 - default_logger - DEBUG - Update best stats variables.
2026-03-16 13:41:47,575 - default_logger - DEBUG - Update best stats variables.
2026-03-16 13:41:47,614 - default_logger - DEBUG - Update best stats variables.
2026-03-16 13:41:47,646 - default_logger - DEBUG - Update best stats variables.
2026-03-16 13:41:47,676 - default_logger - DEBUG - Update best stats variables.
2026-03-16 13:41:47,706 - default_logger - DEBUG - Update best stats variables.
2026-03-16 13:41:47,738 - default_logger - DEBUG - Update best stats variables.
2026-03-16 13:41:47,769 - default_logger - DEBUG - Update best stats variables.
2026-03-16 13:41:47,800 - default_logger - DEBUG - Update best stats variables.
2026-03-16 13:41:47,834 - default_logger - DEBUG - Update best stats variables.
2026-03-16 13:41:47,879 - default_logger - DEBUG - Update best stats variables.
2026-03-16 13:41:47,911 - default_logger - DEBUG - Update best stats variables.
2026-03-16 13:41:47,944 - default_logger - DEBUG - Update best stats variables.
2026-03-16 13:41:47,949 - default_logger - DEBUG - wink the star icon.
2026-03-16 13:41:47,970 - default_logger - DEBUG - wink the star icon.
2026-03-16 13:41:47,983 - default_logger - DEBUG - Update best stats variables.
2026-03-16 13:41:47,990 - default_logger - DEBUG - wink the star icon.
2026-03-16 13:41:48,010 - default_logger - DEBUG - wink the star icon.
2026-03-16 13:41:48,012 - default_logger - DEBUG - Update best stats variables.
2026-03-16 13:41:48,029 - default_logger - DEBUG - wink the star icon.
2026-03-16 13:41:48,043 - default_logger - DEBUG - Update best stats variables.
2026-03-16 13:41:48,079 - default_logger - DEBUG - Update best stats variables.
2026-03-16 13:41:48,111 - default_logger - DEBUG - Update best stats variables.
2026-03-16 13:41:48,142 - default_logger - DEBUG - Update best stats variables.
2026-03-16 13:41:48,175 - default_logger - DEBUG - Update best stats variables.
2026-03-16 13:41:48,216 - default_logger - DEBUG - Update best stats variables.
2026-03-16 13:41:48,246 - default_logger - DEBUG - Update best stats variables.
2026-03-16 13:41:48,278 - default_logger - DEBUG - Update best stats variables.
2026-03-16 13:41:48,314 - default_logger - DEBUG - Update best stats variables.
2026-03-16 13:41:48,346 - default_logger - DEBUG - Update best stats variables.
2026-03-16 13:41:48,387 - default_logger - DEBUG - Update best stats variables.
2026-03-16 13:41:48,417 - default_logger - DEBUG - Update best stats variables.
2026-03-16 13:41:48,448 - default_logger - DEBUG - Update best stats variables.
2026-03-16 13:41:48,449 - default_logger - DEBUG - wink the star icon.
2026-03-16 13:41:48,470 - default_logger - DEBUG - wink the star icon.
2026-03-16 13:41:48,479 - default_logger - DEBUG - Update best stats variables.
2026-03-16 13:41:48,490 - default_logger - DEBUG - wink the star icon.
2026-03-16 13:41:48,510 - default_logger - DEBUG - Update best stats variables.
2026-03-16 13:41:48,510 - default_logger - DEBUG - wink the star icon.
2026-03-16 13:41:48,531 - default_logger - DEBUG - wink the star icon.
2026-03-16 13:41:48,540 - default_logger - DEBUG - Update best stats variables.
2026-03-16 13:41:48,572 - default_logger - DEBUG - Update best stats variables.
2026-03-16 13:41:48,610 - default_logger - DEBUG - Update best stats variables.
2026-03-16 13:41:48,641 - default_logger - DEBUG - Update best stats variables.
2026-03-16 13:41:48,682 - default_logger - DEBUG - Update best stats variables.
2026-03-16 13:41:48,728 - default_logger - DEBUG - Update best stats variables.
2026-03-16 13:41:48,769 - default_logger - DEBUG - Update best stats variables.
2026-03-16 13:41:48,810 - default_logger - DEBUG - Update best stats variables.
2026-03-16 13:41:48,840 - default_logger - DEBUG - Update best stats variables.
2026-03-16 13:41:48,872 - default_logger - DEBUG - Update best stats variables.
2026-03-16 13:41:48,903 - default_logger - DEBUG - Update best stats variables.
2026-03-16 13:41:48,934 - default_logger - DEBUG - Update best stats variables.
2026-03-16 13:41:48,951 - default_logger - DEBUG - wink the star icon.
2026-03-16 13:41:48,964 - default_logger - DEBUG - Update best stats variables.
2026-03-16 13:41:48,971 - default_logger - DEBUG - wink the star icon.
2026-03-16 13:41:48,991 - default_logger - DEBUG - wink the star icon.
2026-03-16 13:41:49,001 - default_logger - DEBUG - Update best stats variables.
2026-03-16 13:41:49,011 - default_logger - DEBUG - wink the star icon.
2026-03-16 13:41:49,031 - default_logger - DEBUG - wink the star icon.
2026-03-16 13:41:49,037 - default_logger - DEBUG - Update best stats variables.
2026-03-16 13:41:49,071 - default_logger - DEBUG - Update best stats variables.
2026-03-16 13:41:49,102 - default_logger - DEBUG - Update best stats variables.
2026-03-16 13:41:49,143 - default_logger - DEBUG - Update best stats variables.
2026-03-16 13:41:49,184 - default_logger - DEBUG - Update best stats variables.
2026-03-16 13:41:49,215 - default_logger - DEBUG - Update best stats variables.
2026-03-16 13:41:49,245 - default_logger - DEBUG - Update best stats variables.
2026-03-16 13:41:49,284 - default_logger - DEBUG - Update best stats variables.
2026-03-16 13:41:49,323 - default_logger - DEBUG - Update best stats variables.
2026-03-16 13:41:49,360 - default_logger - DEBUG - Update best stats variables.
2026-03-16 13:41:49,400 - default_logger - DEBUG - Update best stats variables.
2026-03-16 13:41:49,432 - default_logger - DEBUG - Update best stats variables.
2026-03-16 13:41:49,450 - default_logger - DEBUG - wink the star icon.
2026-03-16 13:41:49,465 - default_logger - DEBUG - Update best stats variables.
2026-03-16 13:41:49,470 - default_logger - DEBUG - wink the star icon.
2026-03-16 13:41:49,490 - default_logger - DEBUG - wink the star icon.
2026-03-16 13:41:49,498 - default_logger - DEBUG - Update best stats variables.
2026-03-16 13:41:49,511 - default_logger - DEBUG - wink the star icon.
2026-03-16 13:41:49,530 - default_logger - DEBUG - Update best stats variables.
2026-03-16 13:41:49,531 - default_logger - DEBUG - wink the star icon.
2026-03-16 13:41:49,561 - default_logger - DEBUG - Update best stats variables.
2026-03-16 13:41:49,597 - default_logger - DEBUG - Update best stats variables.
2026-03-16 13:41:49,632 - default_logger - DEBUG - Update best stats variables.
2026-03-16 13:41:49,666 - default_logger - DEBUG - Update best stats variables.
2026-03-16 13:41:49,697 - default_logger - DEBUG - Update best stats variables.
2026-03-16 13:41:49,744 - default_logger - DEBUG - Update best stats variables.
2026-03-16 13:41:49,774 - default_logger - DEBUG - Update best stats variables.
2026-03-16 13:41:49,817 - default_logger - DEBUG - Update best stats variables.
2026-03-16 13:41:49,848 - default_logger - DEBUG - Update best stats variables.
2026-03-16 13:41:49,885 - default_logger - DEBUG - Update best stats variables.
2026-03-16 13:41:49,916 - default_logger - DEBUG - Update best stats variables.
2026-03-16 13:41:49,948 - default_logger - DEBUG - Update best stats variables.
2026-03-16 13:41:49,951 - default_logger - DEBUG - wink the star icon.
2026-03-16 13:41:49,971 - default_logger - DEBUG - wink the star icon.
2026-03-16 13:41:49,983 - default_logger - DEBUG - Update best stats variables.
2026-03-16 13:41:49,991 - default_logger - DEBUG - wink the star icon.
2026-03-16 13:41:50,010 - default_logger - DEBUG - wink the star icon.
2026-03-16 13:41:50,012 - default_logger - DEBUG - Update best stats variables.
2026-03-16 13:41:50,030 - default_logger - DEBUG - wink the star icon.
2026-03-16 13:41:50,047 - default_logger - DEBUG - Update best stats variables.
2026-03-16 13:41:50,078 - default_logger - DEBUG - Update best stats variables.
2026-03-16 13:41:50,117 - default_logger - DEBUG - Update best stats variables.
2026-03-16 13:41:50,148 - default_logger - DEBUG - Update best stats variables.
2026-03-16 13:41:50,184 - default_logger - DEBUG - Update best stats variables.
2026-03-16 13:41:50,225 - default_logger - DEBUG - Update best stats variables.
2026-03-16 13:41:50,258 - default_logger - DEBUG - Update best stats variables.
2026-03-16 13:41:50,287 - default_logger - DEBUG - Update best stats variables.
2026-03-16 13:41:50,317 - default_logger - DEBUG - Update best stats variables.
2026-03-16 13:41:50,346 - default_logger - DEBUG - Update best stats variables.
2026-03-16 13:41:50,388 - default_logger - DEBUG - Update best stats variables.
2026-03-16 13:41:50,419 - default_logger - DEBUG - Update best stats variables.
2026-03-16 13:41:50,451 - default_logger - DEBUG - wink the star icon.
2026-03-16 13:41:50,454 - default_logger - DEBUG - Update best stats variables.
2026-03-16 13:41:50,472 - default_logger - DEBUG - wink the star icon.
2026-03-16 13:41:50,487 - default_logger - DEBUG - Update best stats variables.
2026-03-16 13:41:50,492 - default_logger - DEBUG - wink the star icon.
2026-03-16 13:41:50,511 - default_logger - DEBUG - wink the star icon.
2026-03-16 13:41:50,531 - default_logger - DEBUG - wink the star icon.
2026-03-16 13:41:50,532 - default_logger - DEBUG - Update best stats variables.
2026-03-16 13:41:50,571 - default_logger - DEBUG - Update best stats variables.
2026-03-16 13:41:50,600 - default_logger - DEBUG - Update best stats variables.
2026-03-16 13:41:50,632 - default_logger - DEBUG - Update best stats variables.
2026-03-16 13:41:50,669 - default_logger - DEBUG - Update best stats variables.
2026-03-16 13:41:50,700 - default_logger - DEBUG - Update best stats variables.
2026-03-16 13:41:50,732 - default_logger - DEBUG - Update best stats variables.
2026-03-16 13:41:50,772 - default_logger - DEBUG - Update best stats variables.
2026-03-16 13:41:50,803 - default_logger - DEBUG - Update best stats variables.
2026-03-16 13:41:50,840 - default_logger - DEBUG - Update best stats variables.
2026-03-16 13:41:50,874 - default_logger - DEBUG - Update best stats variables.
2026-03-16 13:41:50,906 - default_logger - DEBUG - Update best stats variables.
2026-03-16 13:41:50,949 - default_logger - DEBUG - Update best stats variables.
2026-03-16 13:41:50,951 - default_logger - DEBUG - wink the star icon.
2026-03-16 13:41:50,972 - default_logger - DEBUG - wink the star icon.
2026-03-16 13:41:50,985 - default_logger - DEBUG - Update best stats variables.
2026-03-16 13:41:50,991 - default_logger - DEBUG - wink the star icon.
2026-03-16 13:41:51,011 - default_logger - DEBUG - wink the star icon.
2026-03-16 13:41:51,014 - default_logger - DEBUG - Update best stats variables.
2026-03-16 13:41:51,031 - default_logger - DEBUG - wink the star icon.
2026-03-16 13:41:51,047 - default_logger - DEBUG - Update best stats variables.
2026-03-16 13:41:51,090 - default_logger - DEBUG - Update best stats variables.
2026-03-16 13:41:51,120 - default_logger - DEBUG - Update best stats variables.
2026-03-16 13:41:51,159 - default_logger - DEBUG - Update best stats variables.
2026-03-16 13:41:51,189 - default_logger - DEBUG - Update best stats variables.
2026-03-16 13:41:51,222 - default_logger - DEBUG - Update best stats variables.
2026-03-16 13:41:51,251 - default_logger - DEBUG - Update best stats variables.
2026-03-16 13:41:51,291 - default_logger - DEBUG - Update best stats variables.
2026-03-16 13:41:51,322 - default_logger - DEBUG - Update best stats variables.
2026-03-16 13:41:51,366 - default_logger - DEBUG - Update best stats variables.
2026-03-16 13:41:51,400 - default_logger - DEBUG - Update best stats variables.
2026-03-16 13:41:51,433 - default_logger - DEBUG - Update best stats variables.
2026-03-16 13:41:51,451 - default_logger - DEBUG - wink the star icon.
2026-03-16 13:41:51,472 - default_logger - DEBUG - wink the star icon.
2026-03-16 13:41:51,478 - default_logger - DEBUG - Update best stats variables.
2026-03-16 13:41:51,491 - default_logger - DEBUG - wink the star icon.
2026-03-16 13:41:51,511 - default_logger - DEBUG - wink the star icon.
2026-03-16 13:41:51,512 - default_logger - DEBUG - Update best stats variables.
2026-03-16 13:41:51,532 - default_logger - DEBUG - wink the star icon.
2026-03-16 13:41:51,540 - default_logger - DEBUG - Update best stats variables.
2026-03-16 13:41:51,576 - default_logger - DEBUG - Update best stats variables.
2026-03-16 13:41:51,607 - default_logger - DEBUG - Update best stats variables.
2026-03-16 13:41:51,642 - default_logger - DEBUG - Update best stats variables.
2026-03-16 13:41:51,674 - default_logger - DEBUG - Update best stats variables.
2026-03-16 13:41:51,705 - default_logger - DEBUG - Update best stats variables.
2026-03-16 13:41:51,741 - default_logger - DEBUG - Update best stats variables.
2026-03-16 13:41:51,775 - default_logger - DEBUG - Update best stats variables.
2026-03-16 13:41:51,809 - default_logger - DEBUG - Update best stats variables.
2026-03-16 13:41:51,843 - default_logger - DEBUG - Update best stats variables.
2026-03-16 13:41:51,877 - default_logger - DEBUG - Update best stats variables.
2026-03-16 13:41:51,914 - default_logger - DEBUG - Update best stats variables.
2026-03-16 13:41:51,948 - default_logger - DEBUG - Update best stats variables.
2026-03-16 13:41:51,952 - default_logger - DEBUG - wink the star icon.
2026-03-16 13:41:51,973 - default_logger - DEBUG - wink the star icon.
2026-03-16 13:41:51,990 - default_logger - DEBUG - Update best stats variables.
2026-03-16 13:41:51,992 - default_logger - DEBUG - wink the star icon.
2026-03-16 13:41:52,012 - default_logger - DEBUG - wink the star icon.
2026-03-16 13:41:52,025 - default_logger - DEBUG - Update best stats variables.
2026-03-16 13:41:52,031 - default_logger - DEBUG - wink the star icon.
2026-03-16 13:41:52,055 - default_logger - DEBUG - Update best stats variables.
2026-03-16 13:41:52,084 - default_logger - DEBUG - Update best stats variables.
2026-03-16 13:41:52,121 - default_logger - DEBUG - Update best stats variables.
2026-03-16 13:41:52,166 - default_logger - DEBUG - Update best stats variables.
2026-03-16 13:41:52,197 - default_logger - DEBUG - Update best stats variables.
2026-03-16 13:41:52,240 - default_logger - DEBUG - Update best stats variables.
2026-03-16 13:41:52,274 - default_logger - DEBUG - Update best stats variables.
2026-03-16 13:41:52,308 - default_logger - DEBUG - Update best stats variables.
2026-03-16 13:41:52,341 - default_logger - DEBUG - Update best stats variables.
2026-03-16 13:41:52,373 - default_logger - DEBUG - Update best stats variables.
2026-03-16 13:41:52,415 - default_logger - DEBUG - Update best stats variables.
2026-03-16 13:41:52,452 - default_logger - DEBUG - wink the star icon.
2026-03-16 13:41:52,454 - default_logger - DEBUG - Update best stats variables.
2026-03-16 13:41:52,471 - default_logger - DEBUG - wink the star icon.
2026-03-16 13:41:52,486 - default_logger - DEBUG - Update best stats variables.
2026-03-16 13:41:52,491 - default_logger - DEBUG - wink the star icon.
2026-03-16 13:41:52,513 - default_logger - DEBUG - wink the star icon.
2026-03-16 13:41:52,527 - default_logger - DEBUG - Update best stats variables.
2026-03-16 13:41:52,531 - default_logger - DEBUG - wink the star icon.
2026-03-16 13:41:52,568 - default_logger - DEBUG - Update best stats variables.
2026-03-16 13:41:52,611 - default_logger - DEBUG - Update best stats variables.
2026-03-16 13:41:52,652 - default_logger - DEBUG - Update best stats variables.
2026-03-16 13:41:52,684 - default_logger - DEBUG - Update best stats variables.
2026-03-16 13:41:52,723 - default_logger - DEBUG - Update best stats variables.
2026-03-16 13:41:52,755 - default_logger - DEBUG - Update best stats variables.
2026-03-16 13:41:52,788 - default_logger - DEBUG - Update best stats variables.
2026-03-16 13:41:52,834 - default_logger - DEBUG - Update best stats variables.
2026-03-16 13:41:52,869 - default_logger - DEBUG - Update best stats variables.
2026-03-16 13:41:52,900 - default_logger - DEBUG - Update best stats variables.
2026-03-16 13:41:52,931 - default_logger - DEBUG - Update best stats variables.
2026-03-16 13:41:52,952 - default_logger - DEBUG - wink the star icon.
2026-03-16 13:41:52,960 - default_logger - DEBUG - Update best stats variables.
2026-03-16 13:41:52,972 - default_logger - DEBUG - wink the star icon.
2026-03-16 13:41:52,993 - default_logger - DEBUG - wink the star icon.
2026-03-16 13:41:52,997 - default_logger - DEBUG - Update best stats variables.
2026-03-16 13:41:53,012 - default_logger - DEBUG - wink the star icon.
2026-03-16 13:41:53,032 - default_logger - DEBUG - wink the star icon.
2026-03-16 13:41:53,036 - default_logger - DEBUG - Update best stats variables.
2026-03-16 13:41:53,066 - default_logger - DEBUG - Update best stats variables.
2026-03-16 13:41:53,100 - default_logger - DEBUG - Update best stats variables.
2026-03-16 13:41:53,130 - default_logger - DEBUG - Update best stats variables.
2026-03-16 13:41:53,172 - default_logger - DEBUG - Update best stats variables.
2026-03-16 13:41:53,205 - default_logger - DEBUG - Update best stats variables.
2026-03-16 13:41:53,233 - default_logger - DEBUG - Update best stats variables.
2026-03-16 13:41:53,265 - default_logger - DEBUG - Update best stats variables.
2026-03-16 13:41:53,297 - default_logger - DEBUG - Update best stats variables.
2026-03-16 13:41:53,327 - default_logger - DEBUG - Update best stats variables.
2026-03-16 13:41:53,358 - default_logger - DEBUG - Update best stats variables.
2026-03-16 13:41:53,395 - default_logger - DEBUG - Update best stats variables.
2026-03-16 13:41:53,427 - default_logger - DEBUG - Update best stats variables.
2026-03-16 13:41:53,454 - default_logger - DEBUG - wink the star icon.
2026-03-16 13:41:53,462 - default_logger - DEBUG - Update best stats variables.
2026-03-16 13:41:53,472 - default_logger - DEBUG - wink the star icon.
2026-03-16 13:41:53,492 - default_logger - DEBUG - wink the star icon.
2026-03-16 13:41:53,496 - default_logger - DEBUG - Update best stats variables.
2026-03-16 13:41:53,513 - default_logger - DEBUG - wink the star icon.
2026-03-16 13:41:53,532 - default_logger - DEBUG - wink the star icon.
2026-03-16 13:41:53,533 - default_logger - DEBUG - Update best stats variables.
2026-03-16 13:41:53,565 - default_logger - DEBUG - Update best stats variables.
2026-03-16 13:41:53,599 - default_logger - DEBUG - Update best stats variables.
2026-03-16 13:41:53,629 - default_logger - DEBUG - Update best stats variables.
2026-03-16 13:41:53,673 - default_logger - DEBUG - Update best stats variables.
2026-03-16 13:41:53,705 - default_logger - DEBUG - Update best stats variables.
2026-03-16 13:41:53,737 - default_logger - DEBUG - Update best stats variables.
2026-03-16 13:41:53,768 - default_logger - DEBUG - Update best stats variables.
2026-03-16 13:41:53,800 - default_logger - DEBUG - Update best stats variables.
2026-03-16 13:41:53,840 - default_logger - DEBUG - Update best stats variables.
2026-03-16 13:41:53,872 - default_logger - DEBUG - Update best stats variables.
2026-03-16 13:41:53,907 - default_logger - DEBUG - Update best stats variables.
2026-03-16 13:41:53,942 - default_logger - DEBUG - Update best stats variables.
2026-03-16 13:41:53,952 - default_logger - DEBUG - wink the star icon.
2026-03-16 13:41:53,972 - default_logger - DEBUG - wink the star icon.
2026-03-16 13:41:53,975 - default_logger - DEBUG - Update best stats variables.
2026-03-16 13:41:53,993 - default_logger - DEBUG - wink the star icon.
2026-03-16 13:41:54,005 - default_logger - DEBUG - Update best stats variables.
2026-03-16 13:41:54,012 - default_logger - DEBUG - wink the star icon.
2026-03-16 13:41:54,033 - default_logger - DEBUG - wink the star icon.
2026-03-16 13:41:54,039 - default_logger - DEBUG - Update best stats variables.
2026-03-16 13:41:54,074 - default_logger - DEBUG - Update best stats variables.
2026-03-16 13:41:54,108 - default_logger - DEBUG - Update best stats variables.
2026-03-16 13:41:54,151 - default_logger - DEBUG - Update best stats variables.
2026-03-16 13:41:54,182 - default_logger - DEBUG - Update best stats variables.
2026-03-16 13:41:54,213 - default_logger - DEBUG - Update best stats variables.
2026-03-16 13:41:54,245 - default_logger - DEBUG - Update best stats variables.
2026-03-16 13:41:54,279 - default_logger - DEBUG - Update best stats variables.
2026-03-16 13:41:54,311 - default_logger - DEBUG - Update best stats variables.
2026-03-16 13:41:54,341 - default_logger - DEBUG - Update best stats variables.
2026-03-16 13:41:54,375 - default_logger - DEBUG - Update best stats variables.
2026-03-16 13:41:54,410 - default_logger - DEBUG - Update best stats variables.
2026-03-16 13:41:54,445 - default_logger - DEBUG - Update best stats variables.
2026-03-16 13:41:54,453 - default_logger - DEBUG - wink the star icon.
2026-03-16 13:41:54,473 - default_logger - DEBUG - wink the star icon.
2026-03-16 13:41:54,478 - default_logger - DEBUG - Update best stats variables.
2026-03-16 13:41:54,493 - default_logger - DEBUG - wink the star icon.
2026-03-16 13:41:54,508 - default_logger - DEBUG - Update best stats variables.
2026-03-16 13:41:54,513 - default_logger - DEBUG - wink the star icon.
2026-03-16 13:41:54,533 - default_logger - DEBUG - wink the star icon.
2026-03-16 13:41:54,553 - default_logger - DEBUG - Update best stats variables.
2026-03-16 13:41:54,583 - default_logger - DEBUG - Update best stats variables.
2026-03-16 13:41:54,618 - default_logger - DEBUG - Update best stats variables.
2026-03-16 13:41:54,651 - default_logger - DEBUG - Update best stats variables.
2026-03-16 13:41:54,684 - default_logger - DEBUG - Update best stats variables.
2026-03-16 13:41:54,714 - default_logger - DEBUG - Update best stats variables.
2026-03-16 13:41:54,746 - default_logger - DEBUG - Update best stats variables.
2026-03-16 13:41:54,776 - default_logger - DEBUG - Update best stats variables.
2026-03-16 13:41:54,806 - default_logger - DEBUG - Update best stats variables.
2026-03-16 13:41:54,848 - default_logger - DEBUG - Update best stats variables.
2026-03-16 13:41:54,879 - default_logger - DEBUG - Update best stats variables.
2026-03-16 13:41:54,908 - default_logger - DEBUG - Update best stats variables.
2026-03-16 13:41:54,939 - default_logger - DEBUG - Update best stats variables.
2026-03-16 13:41:54,953 - default_logger - DEBUG - wink the star icon.
2026-03-16 13:41:54,970 - default_logger - DEBUG - Update best stats variables.
2026-03-16 13:41:54,973 - default_logger - DEBUG - wink the star icon.
2026-03-16 13:41:54,993 - default_logger - DEBUG - wink the star icon.
2026-03-16 13:41:55,011 - default_logger - DEBUG - Update best stats variables.
2026-03-16 13:41:55,012 - default_logger - DEBUG - wink the star icon.
2026-03-16 13:41:55,033 - default_logger - DEBUG - wink the star icon.
2026-03-16 13:41:55,042 - default_logger - DEBUG - Update best stats variables.
2026-03-16 13:41:55,074 - default_logger - DEBUG - Update best stats variables.
2026-03-16 13:41:55,104 - default_logger - DEBUG - Update best stats variables.
2026-03-16 13:41:55,136 - default_logger - DEBUG - Update best stats variables.
2026-03-16 13:41:55,177 - default_logger - DEBUG - Update best stats variables.
2026-03-16 13:41:55,215 - default_logger - DEBUG - Update best stats variables.
2026-03-16 13:41:55,247 - default_logger - DEBUG - Update best stats variables.
2026-03-16 13:41:55,279 - default_logger - DEBUG - Update best stats variables.
2026-03-16 13:41:55,323 - default_logger - DEBUG - Update best stats variables.
2026-03-16 13:41:55,361 - default_logger - DEBUG - Update best stats variables.
2026-03-16 13:41:55,392 - default_logger - DEBUG - Update best stats variables.
2026-03-16 13:41:55,427 - default_logger - DEBUG - Update best stats variables.
2026-03-16 13:41:55,453 - default_logger - DEBUG - wink the star icon.
2026-03-16 13:41:55,472 - default_logger - DEBUG - Update best stats variables.
2026-03-16 13:41:55,474 - default_logger - DEBUG - wink the star icon.
2026-03-16 13:41:55,493 - default_logger - DEBUG - wink the star icon.
2026-03-16 13:41:55,503 - default_logger - DEBUG - Update best stats variables.
2026-03-16 13:41:55,513 - default_logger - DEBUG - wink the star icon.
2026-03-16 13:41:55,533 - default_logger - DEBUG - wink the star icon.
2026-03-16 13:41:55,533 - default_logger - DEBUG - Update best stats variables.
2026-03-16 13:41:55,569 - default_logger - DEBUG - Update best stats variables.
2026-03-16 13:41:55,601 - default_logger - DEBUG - Update best stats variables.
2026-03-16 13:41:55,629 - default_logger - DEBUG - Update best stats variables.
2026-03-16 13:41:55,665 - default_logger - DEBUG - Update best stats variables.
2026-03-16 13:41:55,698 - default_logger - DEBUG - Update best stats variables.
2026-03-16 13:41:55,729 - default_logger - DEBUG - Update best stats variables.
2026-03-16 13:41:55,759 - default_logger - DEBUG - Update best stats variables.
2026-03-16 13:41:55,800 - default_logger - DEBUG - Update best stats variables.
2026-03-16 13:41:55,839 - default_logger - DEBUG - Update best stats variables.
2026-03-16 13:41:55,871 - default_logger - DEBUG - Update best stats variables.
2026-03-16 13:41:55,904 - default_logger - DEBUG - Update best stats variables.
2026-03-16 13:41:55,932 - default_logger - DEBUG - Update best stats variables.
2026-03-16 13:41:55,954 - default_logger - DEBUG - wink the star icon.
2026-03-16 13:41:55,964 - default_logger - DEBUG - Update best stats variables.
2026-03-16 13:41:55,974 - default_logger - DEBUG - wink the star icon.
2026-03-16 13:41:55,993 - default_logger - DEBUG - wink the star icon.
2026-03-16 13:41:56,000 - default_logger - DEBUG - Update best stats variables.
2026-03-16 13:41:56,013 - default_logger - DEBUG - wink the star icon.
2026-03-16 13:41:56,034 - default_logger - DEBUG - wink the star icon.
2026-03-16 13:41:56,041 - default_logger - DEBUG - Update best stats variables.
2026-03-16 13:41:56,070 - default_logger - DEBUG - Update best stats variables.
2026-03-16 13:41:56,101 - default_logger - DEBUG - Update best stats variables.
2026-03-16 13:41:56,131 - default_logger - DEBUG - Update best stats variables.
2026-03-16 13:41:56,172 - default_logger - DEBUG - Update best stats variables.
2026-03-16 13:41:56,203 - default_logger - DEBUG - Update best stats variables.
2026-03-16 13:41:56,241 - default_logger - DEBUG - Update best stats variables.
2026-03-16 13:41:56,271 - default_logger - DEBUG - Update best stats variables.
2026-03-16 13:41:56,312 - default_logger - DEBUG - Update best stats variables.
2026-03-16 13:41:56,355 - default_logger - DEBUG - Update best stats variables.
2026-03-16 13:41:56,386 - default_logger - DEBUG - Update best stats variables.
2026-03-16 13:41:56,417 - default_logger - DEBUG - Update best stats variables.
2026-03-16 13:41:56,453 - default_logger - DEBUG - wink the star icon.
2026-03-16 13:41:56,458 - default_logger - DEBUG - Update best stats variables.
2026-03-16 13:41:56,474 - default_logger - DEBUG - wink the star icon.
2026-03-16 13:41:56,494 - default_logger - DEBUG - wink the star icon.
2026-03-16 13:41:56,499 - default_logger - DEBUG - Update best stats variables.
2026-03-16 13:41:56,514 - default_logger - DEBUG - wink the star icon.
2026-03-16 13:41:56,533 - default_logger - DEBUG - Update best stats variables.
2026-03-16 13:41:56,534 - default_logger - DEBUG - wink the star icon.
2026-03-16 13:41:56,569 - default_logger - DEBUG - Update best stats variables.
2026-03-16 13:41:56,600 - default_logger - DEBUG - Update best stats variables.
2026-03-16 13:41:56,631 - default_logger - DEBUG - Update best stats variables.
2026-03-16 13:41:56,661 - default_logger - DEBUG - Update best stats variables.
2026-03-16 13:41:56,691 - default_logger - DEBUG - Update best stats variables.
2026-03-16 13:41:56,723 - default_logger - DEBUG - Update best stats variables.
2026-03-16 13:41:56,754 - default_logger - DEBUG - Update best stats variables.
2026-03-16 13:41:56,791 - default_logger - DEBUG - Update best stats variables.
2026-03-16 13:41:56,836 - default_logger - DEBUG - Update best stats variables.
2026-03-16 13:41:56,867 - default_logger - DEBUG - Update best stats variables.
2026-03-16 13:41:56,900 - default_logger - DEBUG - Update best stats variables.
2026-03-16 13:41:56,931 - default_logger - DEBUG - Update best stats variables.
2026-03-16 13:41:56,955 - default_logger - DEBUG - wink the star icon.
2026-03-16 13:41:56,962 - default_logger - DEBUG - Update best stats variables.
2026-03-16 13:41:56,974 - default_logger - DEBUG - wink the star icon.
2026-03-16 13:41:56,994 - default_logger - DEBUG - wink the star icon.
2026-03-16 13:41:56,999 - default_logger - DEBUG - Update best stats variables.
2026-03-16 13:41:57,014 - default_logger - DEBUG - wink the star icon.
2026-03-16 13:41:57,034 - default_logger - DEBUG - wink the star icon.
2026-03-16 13:41:57,037 - default_logger - DEBUG - Update best stats variables.
2026-03-16 13:41:57,076 - default_logger - DEBUG - Update best stats variables.
2026-03-16 13:41:57,106 - default_logger - DEBUG - Update best stats variables.
2026-03-16 13:41:57,148 - default_logger - DEBUG - Update best stats variables.
2026-03-16 13:41:57,178 - default_logger - DEBUG - Update best stats variables.
2026-03-16 13:41:57,210 - default_logger - DEBUG - Update best stats variables.
2026-03-16 13:41:57,249 - default_logger - DEBUG - Update best stats variables.
2026-03-16 13:41:57,291 - default_logger - DEBUG - Update best stats variables.
2026-03-16 13:41:57,325 - default_logger - DEBUG - Update best stats variables.
2026-03-16 13:41:57,356 - default_logger - DEBUG - Update best stats variables.
2026-03-16 13:41:57,389 - default_logger - DEBUG - Update best stats variables.
2026-03-16 13:41:57,419 - default_logger - DEBUG - Update best stats variables.
2026-03-16 13:41:57,450 - default_logger - DEBUG - Update best stats variables.
2026-03-16 13:41:57,454 - default_logger - DEBUG - wink the star icon.
2026-03-16 13:41:57,474 - default_logger - DEBUG - wink the star icon.
2026-03-16 13:41:57,494 - default_logger - DEBUG - wink the star icon.
2026-03-16 13:41:57,494 - default_logger - DEBUG - Update best stats variables.
2026-03-16 13:41:57,514 - default_logger - DEBUG - wink the star icon.
2026-03-16 13:41:57,533 - default_logger - DEBUG - wink the star icon.
2026-03-16 13:41:57,537 - default_logger - DEBUG - Update best stats variables.
2026-03-16 13:41:57,578 - default_logger - DEBUG - Update best stats variables.
2026-03-16 13:41:57,611 - default_logger - DEBUG - Update best stats variables.
2026-03-16 13:41:57,651 - default_logger - DEBUG - Update best stats variables.
2026-03-16 13:41:57,686 - default_logger - DEBUG - Update best stats variables.
2026-03-16 13:41:57,720 - default_logger - DEBUG - Update best stats variables.
2026-03-16 13:41:57,752 - default_logger - DEBUG - Update best stats variables.
2026-03-16 13:41:57,791 - default_logger - DEBUG - Update best stats variables.
2026-03-16 13:41:57,820 - default_logger - DEBUG - Update best stats variables.
2026-03-16 13:41:57,860 - default_logger - DEBUG - Update best stats variables.
2026-03-16 13:41:57,891 - default_logger - DEBUG - Update best stats variables.
2026-03-16 13:41:57,924 - default_logger - DEBUG - Update best stats variables.
2026-03-16 13:41:57,953 - default_logger - DEBUG - wink the star icon.
2026-03-16 13:41:57,960 - default_logger - DEBUG - Update best stats variables.
2026-03-16 13:41:57,974 - default_logger - DEBUG - wink the star icon.
2026-03-16 13:41:57,994 - default_logger - DEBUG - wink the star icon.
2026-03-16 13:41:58,003 - default_logger - DEBUG - Update best stats variables.
2026-03-16 13:41:58,014 - default_logger - DEBUG - wink the star icon.
2026-03-16 13:41:58,034 - default_logger - DEBUG - wink the star icon.
2026-03-16 13:41:58,034 - default_logger - DEBUG - Update best stats variables.
2026-03-16 13:41:58,066 - default_logger - DEBUG - Update best stats variables.
2026-03-16 13:41:58,105 - default_logger - DEBUG - Update best stats variables.
2026-03-16 13:41:58,138 - default_logger - DEBUG - Update best stats variables.
2026-03-16 13:41:58,179 - default_logger - DEBUG - Update best stats variables.
2026-03-16 13:41:58,223 - default_logger - DEBUG - Update best stats variables.
2026-03-16 13:41:58,239 - default_logger - DEBUG - Started game, blue button clicked.
2026-03-16 13:41:58,256 - default_logger - DEBUG - Update current game variables.
2026-03-16 13:41:58,257 - default_logger - DEBUG - first game starts. reset game vars display.
2026-03-16 13:41:58,292 - default_logger - DEBUG - Update current game variables.
2026-03-16 13:41:58,333 - default_logger - DEBUG - Update current game variables.
2026-03-16 13:41:58,379 - default_logger - DEBUG - Update current game variables.
2026-03-16 13:41:58,409 - default_logger - DEBUG - Update current game variables.
2026-03-16 13:41:58,449 - default_logger - DEBUG - Update current game variables.
2026-03-16 13:41:58,454 - default_logger - DEBUG - wink the star icon.
2026-03-16 13:41:58,474 - default_logger - DEBUG - wink the star icon.
2026-03-16 13:41:58,481 - default_logger - DEBUG - Update current game variables.
2026-03-16 13:41:58,494 - default_logger - DEBUG - wink the star icon.
2026-03-16 13:41:58,514 - default_logger - DEBUG - wink the star icon.
2026-03-16 13:41:58,515 - default_logger - DEBUG - Update current game variables.
2026-03-16 13:41:58,535 - default_logger - DEBUG - wink the star icon.
2026-03-16 13:41:58,550 - default_logger - DEBUG - Update current game variables.
2026-03-16 13:41:58,590 - default_logger - DEBUG - Update current game variables.
2026-03-16 13:41:58,631 - default_logger - DEBUG - Update current game variables.
2026-03-16 13:41:58,674 - default_logger - DEBUG - Update current game variables.
2026-03-16 13:41:58,704 - default_logger - DEBUG - Update current game variables.
2026-03-16 13:41:58,746 - default_logger - DEBUG - Update current game variables.
2026-03-16 13:41:58,787 - default_logger - DEBUG - Update current game variables.
2026-03-16 13:41:58,820 - default_logger - DEBUG - Update current game variables.
2026-03-16 13:41:58,856 - default_logger - DEBUG - Update current game variables.
2026-03-16 13:41:58,889 - default_logger - DEBUG - Update current game variables.
2026-03-16 13:41:58,923 - default_logger - DEBUG - Update current game variables.
2026-03-16 13:41:58,953 - default_logger - DEBUG - Update current game variables.
2026-03-16 13:41:58,954 - default_logger - DEBUG - wink the star icon.
2026-03-16 13:41:58,975 - default_logger - DEBUG - wink the star icon.
2026-03-16 13:41:58,987 - default_logger - DEBUG - Update current game variables.
2026-03-16 13:41:58,995 - default_logger - DEBUG - wink the star icon.
2026-03-16 13:41:59,014 - default_logger - DEBUG - wink the star icon.
2026-03-16 13:41:59,019 - default_logger - DEBUG - Update current game variables.
2026-03-16 13:41:59,034 - default_logger - DEBUG - wink the star icon.
2026-03-16 13:41:59,060 - default_logger - DEBUG - Update current game variables.
2026-03-16 13:41:59,089 - default_logger - DEBUG - Update current game variables.
2026-03-16 13:41:59,129 - default_logger - DEBUG - Update current game variables.
2026-03-16 13:41:59,159 - default_logger - DEBUG - Update current game variables.
2026-03-16 13:41:59,187 - default_logger - DEBUG - Update current game variables.
2026-03-16 13:41:59,221 - default_logger - DEBUG - Update current game variables.
2026-03-16 13:41:59,254 - default_logger - DEBUG - Update current game variables.
2026-03-16 13:41:59,289 - default_logger - DEBUG - Update current game variables.
2026-03-16 13:41:59,320 - default_logger - DEBUG - Update current game variables.
2026-03-16 13:41:59,351 - default_logger - DEBUG - Update current game variables.
2026-03-16 13:41:59,386 - default_logger - DEBUG - Update current game variables.
2026-03-16 13:41:59,416 - default_logger - DEBUG - Update current game variables.
2026-03-16 13:41:59,449 - default_logger - DEBUG - Update current game variables.
2026-03-16 13:41:59,455 - default_logger - DEBUG - wink the star icon.
2026-03-16 13:41:59,474 - default_logger - DEBUG - wink the star icon.
2026-03-16 13:41:59,480 - default_logger - DEBUG - Update current game variables.
2026-03-16 13:41:59,494 - default_logger - DEBUG - wink the star icon.
2026-03-16 13:41:59,513 - default_logger - DEBUG - Update current game variables.
2026-03-16 13:41:59,515 - default_logger - DEBUG - wink the star icon.
2026-03-16 13:41:59,535 - default_logger - DEBUG - wink the star icon.
2026-03-16 13:41:59,552 - default_logger - DEBUG - Update current game variables.
2026-03-16 13:41:59,584 - default_logger - DEBUG - Update current game variables.
2026-03-16 13:41:59,615 - default_logger - DEBUG - Update current game variables.
2026-03-16 13:41:59,646 - default_logger - DEBUG - Update current game variables.
2026-03-16 13:41:59,692 - default_logger - DEBUG - Update current game variables.
2026-03-16 13:41:59,728 - default_logger - DEBUG - Update current game variables.
2026-03-16 13:41:59,758 - default_logger - DEBUG - Update current game variables.
2026-03-16 13:41:59,789 - default_logger - DEBUG - Update current game variables.
2026-03-16 13:41:59,819 - default_logger - DEBUG - Update current game variables.
2026-03-16 13:41:59,861 - default_logger - DEBUG - Update current game variables.
2026-03-16 13:41:59,896 - default_logger - DEBUG - Update current game variables.
2026-03-16 13:41:59,928 - default_logger - DEBUG - Update current game variables.
2026-03-16 13:41:59,955 - default_logger - DEBUG - wink the star icon.
2026-03-16 13:41:59,961 - default_logger - DEBUG - Update current game variables.
2026-03-16 13:41:59,975 - default_logger - DEBUG - wink the star icon.
2026-03-16 13:41:59,995 - default_logger - DEBUG - wink the star icon.
2026-03-16 13:41:59,995 - default_logger - DEBUG - Update current game variables.
2026-03-16 13:42:00,015 - default_logger - DEBUG - wink the star icon.
2026-03-16 13:42:00,034 - default_logger - DEBUG - Update current game variables.
2026-03-16 13:42:00,034 - default_logger - DEBUG - wink the star icon.
2026-03-16 13:42:00,065 - default_logger - DEBUG - Update current game variables.
2026-03-16 13:42:00,103 - default_logger - DEBUG - Update current game variables.
2026-03-16 13:42:00,141 - default_logger - DEBUG - Update current game variables.
2026-03-16 13:42:00,175 - default_logger - DEBUG - Update current game variables.
2026-03-16 13:42:00,209 - default_logger - DEBUG - Update current game variables.
2026-03-16 13:42:00,243 - default_logger - DEBUG - Update current game variables.
2026-03-16 13:42:00,276 - default_logger - DEBUG - Update current game variables.
2026-03-16 13:42:00,316 - default_logger - DEBUG - Update current game variables.
2026-03-16 13:42:00,350 - default_logger - DEBUG - Update current game variables.
2026-03-16 13:42:00,381 - default_logger - DEBUG - Update current game variables.
2026-03-16 13:42:00,425 - default_logger - DEBUG - Update current game variables.
2026-03-16 13:42:00,456 - default_logger - DEBUG - wink the star icon.
2026-03-16 13:42:00,458 - default_logger - DEBUG - Update current game variables.
2026-03-16 13:42:00,474 - default_logger - DEBUG - wink the star icon.
2026-03-16 13:42:00,489 - default_logger - DEBUG - Update current game variables.
2026-03-16 13:42:00,496 - default_logger - DEBUG - wink the star icon.
2026-03-16 13:42:00,516 - default_logger - DEBUG - wink the star icon.
2026-03-16 13:42:00,521 - default_logger - DEBUG - Update current game variables.
2026-03-16 13:42:00,536 - default_logger - DEBUG - wink the star icon.
2026-03-16 13:42:00,563 - default_logger - DEBUG - Update current game variables.
2026-03-16 13:42:00,597 - default_logger - DEBUG - Update current game variables.
2026-03-16 13:42:00,625 - default_logger - DEBUG - Update current game variables.
2026-03-16 13:42:00,665 - default_logger - DEBUG - Update current game variables.
2026-03-16 13:42:00,695 - default_logger - DEBUG - Update current game variables.
2026-03-16 13:42:00,728 - default_logger - DEBUG - Update current game variables.
2026-03-16 13:42:00,768 - default_logger - DEBUG - Update current game variables.
2026-03-16 13:42:00,807 - default_logger - DEBUG - Update current game variables.
2026-03-16 13:42:00,849 - default_logger - DEBUG - Update current game variables.
2026-03-16 13:42:00,882 - default_logger - DEBUG - Update current game variables.
2026-03-16 13:42:00,913 - default_logger - DEBUG - Update current game variables.
2026-03-16 13:42:00,946 - default_logger - DEBUG - Mole turn started. Mole is here.
2026-03-16 13:42:00,955 - default_logger - DEBUG - wink the star icon.
2026-03-16 13:42:00,957 - default_logger - DEBUG - Update current game variables.
2026-03-16 13:42:00,975 - default_logger - DEBUG - wink the star icon.
2026-03-16 13:42:00,996 - default_logger - DEBUG - wink the star icon.
2026-03-16 13:42:00,998 - default_logger - DEBUG - Update current game variables.
2026-03-16 13:42:01,015 - default_logger - DEBUG - wink the star icon.
2026-03-16 13:42:01,028 - default_logger - DEBUG - Update current game variables.
2026-03-16 13:42:01,035 - default_logger - DEBUG - wink the star icon.
2026-03-16 13:42:01,063 - default_logger - DEBUG - Update current game variables.
2026-03-16 13:42:01,095 - default_logger - DEBUG - Update current game variables.
2026-03-16 13:42:01,125 - default_logger - DEBUG - Update current game variables.
2026-03-16 13:42:01,156 - default_logger - DEBUG - Update current game variables.
2026-03-16 13:42:01,195 - default_logger - DEBUG - Update current game variables.
2026-03-16 13:42:01,226 - default_logger - DEBUG - Update current game variables.
2026-03-16 13:42:01,256 - default_logger - DEBUG - Update current game variables.
2026-03-16 13:42:01,293 - default_logger - DEBUG - Update current game variables.
2026-03-16 13:42:01,326 - default_logger - DEBUG - Update current game variables.
2026-03-16 13:42:01,358 - default_logger - DEBUG - Update current game variables.
2026-03-16 13:42:01,390 - default_logger - DEBUG - Update current game variables.
2026-03-16 13:42:01,421 - default_logger - DEBUG - Update current game variables.
2026-03-16 13:42:01,456 - default_logger - DEBUG - wink the star icon.
2026-03-16 13:42:01,460 - default_logger - DEBUG - Update current game variables.
2026-03-16 13:42:01,475 - default_logger - DEBUG - wink the star icon.
2026-03-16 13:42:01,495 - default_logger - DEBUG - wink the star icon.
2026-03-16 13:42:01,503 - default_logger - DEBUG - Update current game variables.
2026-03-16 13:42:01,516 - default_logger - DEBUG - wink the star icon.
2026-03-16 13:42:01,535 - default_logger - DEBUG - Update current game variables.
2026-03-16 13:42:01,535 - default_logger - DEBUG - wink the star icon.
2026-03-16 13:42:01,565 - default_logger - DEBUG - Update current game variables.
2026-03-16 13:42:01,595 - default_logger - DEBUG - Update current game variables.
2026-03-16 13:42:01,629 - default_logger - DEBUG - Update current game variables.
2026-03-16 13:42:01,660 - default_logger - DEBUG - Update current game variables.
2026-03-16 13:42:01,702 - default_logger - DEBUG - Update current game variables.
2026-03-16 13:42:01,737 - default_logger - DEBUG - Update current game variables.
2026-03-16 13:42:01,770 - default_logger - DEBUG - Update current game variables.
2026-03-16 13:42:01,798 - default_logger - DEBUG - Player successful hit!
2026-03-16 13:42:01,799 - default_logger - DEBUG - Player current score: 1
2026-03-16 13:42:01,799 - default_logger - DEBUG - Player current time int: 1900
2026-03-16 13:42:01,799 - default_logger - DEBUG - Player last reaction time in ms: 800
2026-03-16 13:42:01,799 - default_logger - DEBUG - Update current game variables.
2026-03-16 13:42:01,799 - default_logger - DEBUG - Player current playtime in s: 0.85
2026-03-16 13:42:01,799 - default_logger - DEBUG - Player current clicks: 1
2026-03-16 13:42:01,799 - default_logger - DEBUG - Player turn over.
2026-03-16 13:42:01,831 - default_logger - DEBUG - Update current game variables.
2026-03-16 13:42:01,875 - default_logger - DEBUG - Update current game variables.
2026-03-16 13:42:01,906 - default_logger - DEBUG - Update current game variables.
2026-03-16 13:42:01,936 - default_logger - DEBUG - Update current game variables.
2026-03-16 13:42:01,956 - default_logger - DEBUG - wink the star icon.
2026-03-16 13:42:01,974 - default_logger - DEBUG - Update current game variables.
2026-03-16 13:42:01,976 - default_logger - DEBUG - wink the star icon.
2026-03-16 13:42:01,995 - default_logger - DEBUG - wink the star icon.
2026-03-16 13:42:02,016 - default_logger - DEBUG - wink the star icon.
2026-03-16 13:42:02,016 - default_logger - DEBUG - Update current game variables.
2026-03-16 13:42:02,036 - default_logger - DEBUG - wink the star icon.
2026-03-16 13:42:02,047 - default_logger - DEBUG - Update current game variables.
2026-03-16 13:42:02,079 - default_logger - DEBUG - Update current game variables.
2026-03-16 13:42:02,108 - default_logger - DEBUG - Update current game variables.
2026-03-16 13:42:02,143 - default_logger - DEBUG - Update current game variables.
2026-03-16 13:42:02,184 - default_logger - DEBUG - Update current game variables.
2026-03-16 13:42:02,217 - default_logger - DEBUG - Update current game variables.
2026-03-16 13:42:02,250 - default_logger - DEBUG - Update current game variables.
2026-03-16 13:42:02,282 - default_logger - DEBUG - Update current game variables.
2026-03-16 13:42:02,314 - default_logger - DEBUG - Update current game variables.
2026-03-16 13:42:02,345 - default_logger - DEBUG - Update current game variables.
2026-03-16 13:42:02,385 - default_logger - DEBUG - Update current game variables.
2026-03-16 13:42:02,417 - default_logger - DEBUG - Update current game variables.
2026-03-16 13:42:02,452 - default_logger - DEBUG - Update current game variables.
2026-03-16 13:42:02,455 - default_logger - DEBUG - wink the star icon.
2026-03-16 13:42:02,476 - default_logger - DEBUG - wink the star icon.
2026-03-16 13:42:02,481 - default_logger - DEBUG - Update current game variables.
2026-03-16 13:42:02,496 - default_logger - DEBUG - wink the star icon.
2026-03-16 13:42:02,516 - default_logger - DEBUG - wink the star icon.
2026-03-16 13:42:02,526 - default_logger - DEBUG - Update current game variables.
2026-03-16 13:42:02,536 - default_logger - DEBUG - wink the star icon.
2026-03-16 13:42:02,567 - default_logger - DEBUG - Update current game variables.
2026-03-16 13:42:02,612 - default_logger - DEBUG - Update current game variables.
2026-03-16 13:42:02,646 - default_logger - DEBUG - Update current game variables.
2026-03-16 13:42:02,679 - default_logger - DEBUG - Update current game variables.
2026-03-16 13:42:02,710 - default_logger - DEBUG - Update current game variables.
2026-03-16 13:42:02,742 - default_logger - DEBUG - Update current game variables.
2026-03-16 13:42:02,778 - default_logger - DEBUG - Update current game variables.
2026-03-16 13:42:02,808 - default_logger - DEBUG - Update current game variables.
2026-03-16 13:42:02,845 - default_logger - DEBUG - Update current game variables.
2026-03-16 13:42:02,887 - default_logger - DEBUG - Update current game variables.
2026-03-16 13:42:02,920 - default_logger - DEBUG - Update current game variables.
2026-03-16 13:42:02,951 - default_logger - DEBUG - Update current game variables.
2026-03-16 13:42:02,956 - default_logger - DEBUG - wink the star icon.
2026-03-16 13:42:02,976 - default_logger - DEBUG - wink the star icon.
2026-03-16 13:42:02,986 - default_logger - DEBUG - Update current game variables.
2026-03-16 13:42:02,997 - default_logger - DEBUG - wink the star icon.
2026-03-16 13:42:03,015 - default_logger - DEBUG - wink the star icon.
2026-03-16 13:42:03,025 - default_logger - DEBUG - Update current game variables.
2026-03-16 13:42:03,036 - default_logger - DEBUG - wink the star icon.
2026-03-16 13:42:03,056 - default_logger - DEBUG - Update current game variables.
2026-03-16 13:42:03,086 - default_logger - DEBUG - Update current game variables.
2026-03-16 13:42:03,121 - default_logger - DEBUG - Update current game variables.
2026-03-16 13:42:03,163 - default_logger - DEBUG - Update current game variables.
2026-03-16 13:42:03,196 - default_logger - DEBUG - Update current game variables.
2026-03-16 13:42:03,228 - default_logger - DEBUG - Update current game variables.
2026-03-16 13:42:03,261 - default_logger - DEBUG - Update current game variables.
2026-03-16 13:42:03,292 - default_logger - DEBUG - Update current game variables.
2026-03-16 13:42:03,327 - default_logger - DEBUG - Update current game variables.
2026-03-16 13:42:03,359 - default_logger - DEBUG - Update current game variables.
2026-03-16 13:42:03,399 - default_logger - DEBUG - Update current game variables.
2026-03-16 13:42:03,431 - default_logger - DEBUG - Update current game variables.
2026-03-16 13:42:03,455 - default_logger - DEBUG - wink the star icon.
2026-03-16 13:42:03,464 - default_logger - DEBUG - Update current game variables.
2026-03-16 13:42:03,476 - default_logger - DEBUG - wink the star icon.
2026-03-16 13:42:03,495 - default_logger - DEBUG - wink the star icon.
2026-03-16 13:42:03,502 - default_logger - DEBUG - Update current game variables.
2026-03-16 13:42:03,516 - default_logger - DEBUG - wink the star icon.
2026-03-16 13:42:03,532 - default_logger - DEBUG - Update current game variables.
2026-03-16 13:42:03,536 - default_logger - DEBUG - wink the star icon.
2026-03-16 13:42:03,565 - default_logger - DEBUG - Update current game variables.
2026-03-16 13:42:03,595 - default_logger - DEBUG - Update current game variables.
2026-03-16 13:42:03,627 - default_logger - DEBUG - Update current game variables.
2026-03-16 13:42:03,647 - default_logger - DEBUG - Mole turn started. Mole is here.
2026-03-16 13:42:03,658 - default_logger - DEBUG - Update current game variables.
2026-03-16 13:42:03,701 - default_logger - DEBUG - Update current game variables.
2026-03-16 13:42:03,734 - default_logger - DEBUG - Update current game variables.
2026-03-16 13:42:03,764 - default_logger - DEBUG - Update current game variables.
2026-03-16 13:42:03,798 - default_logger - DEBUG - Update current game variables.
2026-03-16 13:42:03,840 - default_logger - DEBUG - Update current game variables.
2026-03-16 13:42:03,872 - default_logger - DEBUG - Update current game variables.
2026-03-16 13:42:03,904 - default_logger - DEBUG - Update current game variables.
2026-03-16 13:42:03,934 - default_logger - DEBUG - Update current game variables.
2026-03-16 13:42:03,956 - default_logger - DEBUG - wink the star icon.
2026-03-16 13:42:03,966 - default_logger - DEBUG - Update current game variables.
2026-03-16 13:42:03,976 - default_logger - DEBUG - wink the star icon.
2026-03-16 13:42:03,996 - default_logger - DEBUG - wink the star icon.
2026-03-16 13:42:03,999 - default_logger - DEBUG - Update current game variables.
2026-03-16 13:42:04,007 - default_logger - DEBUG - Player successful hit!
2026-03-16 13:42:04,009 - default_logger - DEBUG - Player current score: 2
2026-03-16 13:42:04,009 - default_logger - DEBUG - Player current time int: 1800
2026-03-16 13:42:04,009 - default_logger - DEBUG - Player last reaction time in ms: 300
2026-03-16 13:42:04,011 - default_logger - DEBUG - Player current playtime in s: 1.21
2026-03-16 13:42:04,011 - default_logger - DEBUG - Player current clicks: 2
2026-03-16 13:42:04,013 - default_logger - DEBUG - Player turn over.
2026-03-16 13:42:04,017 - default_logger - DEBUG - wink the star icon.
2026-03-16 13:42:04,036 - default_logger - DEBUG - wink the star icon.
2026-03-16 13:42:04,043 - default_logger - DEBUG - Update current game variables.
2026-03-16 13:42:04,073 - default_logger - DEBUG - Update current game variables.
2026-03-16 13:42:04,103 - default_logger - DEBUG - Update current game variables.
2026-03-16 13:42:04,134 - default_logger - DEBUG - Update current game variables.
2026-03-16 13:42:04,167 - default_logger - DEBUG - Update current game variables.
2026-03-16 13:42:04,197 - default_logger - DEBUG - Update current game variables.
2026-03-16 13:42:04,227 - default_logger - DEBUG - Update current game variables.
2026-03-16 13:42:04,260 - default_logger - DEBUG - Update current game variables.
2026-03-16 13:42:04,295 - default_logger - DEBUG - Update current game variables.
2026-03-16 13:42:04,325 - default_logger - DEBUG - Update current game variables.
2026-03-16 13:42:04,356 - default_logger - DEBUG - Update current game variables.
2026-03-16 13:42:04,389 - default_logger - DEBUG - Update current game variables.
2026-03-16 13:42:04,421 - default_logger - DEBUG - Update current game variables.
2026-03-16 13:42:04,453 - default_logger - DEBUG - Update current game variables.
2026-03-16 13:42:04,456 - default_logger - DEBUG - wink the star icon.
2026-03-16 13:42:04,477 - default_logger - DEBUG - wink the star icon.
2026-03-16 13:42:04,485 - default_logger - DEBUG - Update current game variables.
2026-03-16 13:42:04,496 - default_logger - DEBUG - wink the star icon.
2026-03-16 13:42:04,515 - default_logger - DEBUG - Update current game variables.
2026-03-16 13:42:04,516 - default_logger - DEBUG - wink the star icon.
2026-03-16 13:42:04,536 - default_logger - DEBUG - wink the star icon.
2026-03-16 13:42:04,559 - default_logger - DEBUG - Update current game variables.
2026-03-16 13:42:04,592 - default_logger - DEBUG - Update current game variables.
2026-03-16 13:42:04,623 - default_logger - DEBUG - Update current game variables.
2026-03-16 13:42:04,659 - default_logger - DEBUG - Update current game variables.
2026-03-16 13:42:04,700 - default_logger - DEBUG - Update current game variables.
2026-03-16 13:42:04,731 - default_logger - DEBUG - Update current game variables.
2026-03-16 13:42:04,763 - default_logger - DEBUG - Update current game variables.
2026-03-16 13:42:04,806 - default_logger - DEBUG - Update current game variables.
2026-03-16 13:42:04,846 - default_logger - DEBUG - Update current game variables.
2026-03-16 13:42:04,888 - default_logger - DEBUG - Update current game variables.
2026-03-16 13:42:04,919 - default_logger - DEBUG - Update current game variables.
2026-03-16 13:42:04,956 - default_logger - DEBUG - Update current game variables.
2026-03-16 13:42:04,957 - default_logger - DEBUG - wink the star icon.
2026-03-16 13:42:04,977 - default_logger - DEBUG - wink the star icon.
2026-03-16 13:42:04,997 - default_logger - DEBUG - wink the star icon.
2026-03-16 13:42:05,000 - default_logger - DEBUG - Update current game variables.
2026-03-16 13:42:05,017 - default_logger - DEBUG - wink the star icon.
2026-03-16 13:42:05,038 - default_logger - DEBUG - wink the star icon.
2026-03-16 13:42:05,043 - default_logger - DEBUG - Update current game variables.
2026-03-16 13:42:05,072 - default_logger - DEBUG - Update current game variables.
2026-03-16 13:42:05,104 - default_logger - DEBUG - Update current game variables.
2026-03-16 13:42:05,136 - default_logger - DEBUG - Update current game variables.
2026-03-16 13:42:05,177 - default_logger - DEBUG - Update current game variables.
2026-03-16 13:42:05,208 - default_logger - DEBUG - Update current game variables.
2026-03-16 13:42:05,238 - default_logger - DEBUG - Update current game variables.
2026-03-16 13:42:05,276 - default_logger - DEBUG - Update current game variables.
2026-03-16 13:42:05,317 - default_logger - DEBUG - Update current game variables.
2026-03-16 13:42:05,347 - default_logger - DEBUG - Update current game variables.
2026-03-16 13:42:05,382 - default_logger - DEBUG - Update current game variables.
2026-03-16 13:42:05,421 - default_logger - DEBUG - Update current game variables.
2026-03-16 13:42:05,453 - default_logger - DEBUG - Update current game variables.
2026-03-16 13:42:05,456 - default_logger - DEBUG - wink the star icon.
2026-03-16 13:42:05,478 - default_logger - DEBUG - wink the star icon.
2026-03-16 13:42:05,484 - default_logger - DEBUG - Update current game variables.
2026-03-16 13:42:05,496 - default_logger - DEBUG - wink the star icon.
2026-03-16 13:42:05,517 - default_logger - DEBUG - wink the star icon.
2026-03-16 13:42:05,518 - default_logger - DEBUG - Update current game variables.
2026-03-16 13:42:05,536 - default_logger - DEBUG - wink the star icon.
2026-03-16 13:42:05,549 - default_logger - DEBUG - Update current game variables.
2026-03-16 13:42:05,589 - default_logger - DEBUG - Update current game variables.
2026-03-16 13:42:05,621 - default_logger - DEBUG - Update current game variables.
2026-03-16 13:42:05,663 - default_logger - DEBUG - Update current game variables.
2026-03-16 13:42:05,702 - default_logger - DEBUG - Update current game variables.
2026-03-16 13:42:05,731 - default_logger - DEBUG - Update current game variables.
2026-03-16 13:42:05,747 - default_logger - DEBUG - Mole turn started. Mole is here.
2026-03-16 13:42:05,764 - default_logger - DEBUG - Update current game variables.
2026-03-16 13:42:05,795 - default_logger - DEBUG - Update current game variables.
2026-03-16 13:42:05,827 - default_logger - DEBUG - Update current game variables.
2026-03-16 13:42:05,857 - default_logger - DEBUG - Update current game variables.
2026-03-16 13:42:05,894 - default_logger - DEBUG - Update current game variables.
2026-03-16 13:42:05,936 - default_logger - DEBUG - Update current game variables.
2026-03-16 13:42:05,957 - default_logger - DEBUG - wink the star icon.
2026-03-16 13:42:05,966 - default_logger - DEBUG - Update current game variables.
2026-03-16 13:42:05,978 - default_logger - DEBUG - wink the star icon.
2026-03-16 13:42:05,997 - default_logger - DEBUG - wink the star icon.
2026-03-16 13:42:06,007 - default_logger - DEBUG - Update current game variables.
2026-03-16 13:42:06,018 - default_logger - DEBUG - wink the star icon.
2026-03-16 13:42:06,037 - default_logger - DEBUG - wink the star icon.
2026-03-16 13:42:06,039 - default_logger - DEBUG - Update current game variables.
2026-03-16 13:42:06,079 - default_logger - DEBUG - Update current game variables.
2026-03-16 13:42:06,109 - default_logger - DEBUG - Update current game variables.
2026-03-16 13:42:06,151 - default_logger - DEBUG - Update current game variables.
2026-03-16 13:42:06,190 - default_logger - DEBUG - Update current game variables.
2026-03-16 13:42:06,213 - default_logger - DEBUG - Player successful hit!
2026-03-16 13:42:06,213 - default_logger - DEBUG - Player current score: 3
2026-03-16 13:42:06,215 - default_logger - DEBUG - Player current time int: 1700
2026-03-16 13:42:06,215 - default_logger - DEBUG - Player last reaction time in ms: 400
2026-03-16 13:42:06,217 - default_logger - DEBUG - Player current playtime in s: 1.67
2026-03-16 13:42:06,217 - default_logger - DEBUG - Player current clicks: 3
2026-03-16 13:42:06,219 - default_logger - DEBUG - Player turn over.
2026-03-16 13:42:06,225 - default_logger - DEBUG - Update current game variables.
2026-03-16 13:42:06,255 - default_logger - DEBUG - Update current game variables.
2026-03-16 13:42:06,287 - default_logger - DEBUG - Update current game variables.
2026-03-16 13:42:06,326 - default_logger - DEBUG - Update current game variables.
2026-03-16 13:42:06,358 - default_logger - DEBUG - Update current game variables.
2026-03-16 13:42:06,390 - default_logger - DEBUG - Update current game variables.
2026-03-16 13:42:06,428 - default_logger - DEBUG - Update current game variables.
2026-03-16 13:42:06,457 - default_logger - DEBUG - wink the star icon.
2026-03-16 13:42:06,458 - default_logger - DEBUG - Update current game variables.
2026-03-16 13:42:06,477 - default_logger - DEBUG - wink the star icon.
2026-03-16 13:42:06,489 - default_logger - DEBUG - Update current game variables.
2026-03-16 13:42:06,497 - default_logger - DEBUG - wink the star icon.
2026-03-16 13:42:06,517 - default_logger - DEBUG - wink the star icon.
2026-03-16 13:42:06,522 - default_logger - DEBUG - Update current game variables.
2026-03-16 13:42:06,538 - default_logger - DEBUG - wink the star icon.
2026-03-16 13:42:06,562 - default_logger - DEBUG - Update current game variables.
2026-03-16 13:42:06,602 - default_logger - DEBUG - Update current game variables.
2026-03-16 13:42:06,644 - default_logger - DEBUG - Update current game variables.
2026-03-16 13:42:06,677 - default_logger - DEBUG - Update current game variables.
2026-03-16 13:42:06,707 - default_logger - DEBUG - Update current game variables.
2026-03-16 13:42:06,738 - default_logger - DEBUG - Update current game variables.
2026-03-16 13:42:06,769 - default_logger - DEBUG - Update current game variables.
2026-03-16 13:42:06,802 - default_logger - DEBUG - Update current game variables.
2026-03-16 13:42:06,834 - default_logger - DEBUG - Update current game variables.
2026-03-16 13:42:06,866 - default_logger - DEBUG - Update current game variables.
2026-03-16 13:42:06,907 - default_logger - DEBUG - Update current game variables.
2026-03-16 13:42:06,937 - default_logger - DEBUG - Update current game variables.
2026-03-16 13:42:06,958 - default_logger - DEBUG - wink the star icon.
2026-03-16 13:42:06,968 - default_logger - DEBUG - Update current game variables.
2026-03-16 13:42:06,977 - default_logger - DEBUG - wink the star icon.
2026-03-16 13:42:06,998 - default_logger - DEBUG - wink the star icon.
2026-03-16 13:42:07,001 - default_logger - DEBUG - Update current game variables.
2026-03-16 13:42:07,018 - default_logger - DEBUG - wink the star icon.
2026-03-16 13:42:07,038 - default_logger - DEBUG - wink the star icon.
2026-03-16 13:42:07,039 - default_logger - DEBUG - Update current game variables.
2026-03-16 13:42:07,078 - default_logger - DEBUG - Update current game variables.
2026-03-16 13:42:07,120 - default_logger - DEBUG - Update current game variables.
2026-03-16 13:42:07,150 - default_logger - DEBUG - Update current game variables.
2026-03-16 13:42:07,183 - default_logger - DEBUG - Update current game variables.
2026-03-16 13:42:07,220 - default_logger - DEBUG - Update current game variables.
2026-03-16 13:42:07,252 - default_logger - DEBUG - Update current game variables.
2026-03-16 13:42:07,283 - default_logger - DEBUG - Update current game variables.
2026-03-16 13:42:07,314 - default_logger - DEBUG - Update current game variables.
2026-03-16 13:42:07,344 - default_logger - DEBUG - Update current game variables.
2026-03-16 13:42:07,376 - default_logger - DEBUG - Update current game variables.
2026-03-16 13:42:07,407 - default_logger - DEBUG - Update current game variables.
2026-03-16 13:42:07,441 - default_logger - DEBUG - Update current game variables.
2026-03-16 13:42:07,458 - default_logger - DEBUG - wink the star icon.
2026-03-16 13:42:07,472 - default_logger - DEBUG - Update current game variables.
2026-03-16 13:42:07,478 - default_logger - DEBUG - wink the star icon.
2026-03-16 13:42:07,498 - default_logger - DEBUG - wink the star icon.
2026-03-16 13:42:07,505 - default_logger - DEBUG - Update current game variables.
2026-03-16 13:42:07,517 - default_logger - DEBUG - wink the star icon.
2026-03-16 13:42:07,533 - default_logger - DEBUG - Update current game variables.
2026-03-16 13:42:07,538 - default_logger - DEBUG - wink the star icon.
2026-03-16 13:42:07,574 - default_logger - DEBUG - Update current game variables.
2026-03-16 13:42:07,605 - default_logger - DEBUG - Update current game variables.
2026-03-16 13:42:07,636 - default_logger - DEBUG - Update current game variables.
2026-03-16 13:42:07,680 - default_logger - DEBUG - Update current game variables.
2026-03-16 13:42:07,711 - default_logger - DEBUG - Update current game variables.
2026-03-16 13:42:07,742 - default_logger - DEBUG - Update current game variables.
2026-03-16 13:42:07,773 - default_logger - DEBUG - Update current game variables.
2026-03-16 13:42:07,806 - default_logger - DEBUG - Update current game variables.
2026-03-16 13:42:07,837 - default_logger - DEBUG - Update current game variables.
2026-03-16 13:42:07,848 - default_logger - DEBUG - Mole turn started. Mole is here.
2026-03-16 13:42:07,870 - default_logger - DEBUG - Update current game variables.
2026-03-16 13:42:07,912 - default_logger - DEBUG - Update current game variables.
2026-03-16 13:42:07,950 - default_logger - DEBUG - Update current game variables.
2026-03-16 13:42:07,958 - default_logger - DEBUG - wink the star icon.
2026-03-16 13:42:07,978 - default_logger - DEBUG - wink the star icon.
2026-03-16 13:42:07,981 - default_logger - DEBUG - Update current game variables.
2026-03-16 13:42:07,998 - default_logger - DEBUG - wink the star icon.
2026-03-16 13:42:08,018 - default_logger - DEBUG - wink the star icon.
2026-03-16 13:42:08,021 - default_logger - DEBUG - Update current game variables.
2026-03-16 13:42:08,038 - default_logger - DEBUG - wink the star icon.
2026-03-16 13:42:08,062 - default_logger - DEBUG - Update current game variables.
2026-03-16 13:42:08,106 - default_logger - DEBUG - Update current game variables.
2026-03-16 13:42:08,138 - default_logger - DEBUG - Update current game variables.
2026-03-16 13:42:08,181 - default_logger - DEBUG - Update current game variables.
2026-03-16 13:42:08,194 - default_logger - DEBUG - Player successful hit!
2026-03-16 13:42:08,195 - default_logger - DEBUG - Player current score: 4
2026-03-16 13:42:08,196 - default_logger - DEBUG - Player current time int: 1600
2026-03-16 13:42:08,196 - default_logger - DEBUG - Player last reaction time in ms: 300
2026-03-16 13:42:08,198 - default_logger - DEBUG - Player current playtime in s: 2.01
2026-03-16 13:42:08,198 - default_logger - DEBUG - Player current clicks: 4
2026-03-16 13:42:08,200 - default_logger - DEBUG - Player turn over.
2026-03-16 13:42:08,222 - default_logger - DEBUG - Update current game variables.
2026-03-16 13:42:08,253 - default_logger - DEBUG - Update current game variables.
2026-03-16 13:42:08,284 - default_logger - DEBUG - Update current game variables.
2026-03-16 13:42:08,323 - default_logger - DEBUG - Update current game variables.
2026-03-16 13:42:08,367 - default_logger - DEBUG - Update current game variables.
2026-03-16 13:42:08,400 - default_logger - DEBUG - Update current game variables.
2026-03-16 13:42:08,435 - default_logger - DEBUG - Update current game variables.
2026-03-16 13:42:08,458 - default_logger - DEBUG - wink the star icon.
2026-03-16 13:42:08,478 - default_logger - DEBUG - wink the star icon.
2026-03-16 13:42:08,478 - default_logger - DEBUG - Update current game variables.
2026-03-16 13:42:08,499 - default_logger - DEBUG - wink the star icon.
2026-03-16 13:42:08,518 - default_logger - DEBUG - wink the star icon.
2026-03-16 13:42:08,521 - default_logger - DEBUG - Update current game variables.
2026-03-16 13:42:08,539 - default_logger - DEBUG - wink the star icon.
2026-03-16 13:42:08,553 - default_logger - DEBUG - Update current game variables.
2026-03-16 13:42:08,584 - default_logger - DEBUG - Update current game variables.
2026-03-16 13:42:08,616 - default_logger - DEBUG - Update current game variables.
2026-03-16 13:42:08,653 - default_logger - DEBUG - Update current game variables.
2026-03-16 13:42:08,694 - default_logger - DEBUG - Update current game variables.
2026-03-16 13:42:08,727 - default_logger - DEBUG - Update current game variables.
2026-03-16 13:42:08,761 - default_logger - DEBUG - Update current game variables.
2026-03-16 13:42:08,805 - default_logger - DEBUG - Update current game variables.
2026-03-16 13:42:08,838 - default_logger - DEBUG - Update current game variables.
2026-03-16 13:42:08,870 - default_logger - DEBUG - Update current game variables.
2026-03-16 13:42:08,903 - default_logger - DEBUG - Update current game variables.
2026-03-16 13:42:08,935 - default_logger - DEBUG - Update current game variables.
2026-03-16 13:42:08,958 - default_logger - DEBUG - wink the star icon.
2026-03-16 13:42:08,970 - default_logger - DEBUG - Update current game variables.
2026-03-16 13:42:08,979 - default_logger - DEBUG - wink the star icon.
2026-03-16 13:42:08,998 - default_logger - DEBUG - wink the star icon.
2026-03-16 13:42:09,005 - default_logger - DEBUG - Update current game variables.
2026-03-16 13:42:09,019 - default_logger - DEBUG - wink the star icon.
2026-03-16 13:42:09,036 - default_logger - DEBUG - Update current game variables.
2026-03-16 13:42:09,038 - default_logger - DEBUG - wink the star icon.
2026-03-16 13:42:09,071 - default_logger - DEBUG - Update current game variables.
2026-03-16 13:42:09,111 - default_logger - DEBUG - Update current game variables.
2026-03-16 13:42:09,142 - default_logger - DEBUG - Update current game variables.
2026-03-16 13:42:09,177 - default_logger - DEBUG - Update current game variables.
2026-03-16 13:42:09,207 - default_logger - DEBUG - Update current game variables.
2026-03-16 13:42:09,239 - default_logger - DEBUG - Update current game variables.
2026-03-16 13:42:09,268 - default_logger - DEBUG - Update current game variables.
2026-03-16 13:42:09,306 - default_logger - DEBUG - Update current game variables.
2026-03-16 13:42:09,337 - default_logger - DEBUG - Update current game variables.
2026-03-16 13:42:09,370 - default_logger - DEBUG - Update current game variables.
2026-03-16 13:42:09,401 - default_logger - DEBUG - Update current game variables.
2026-03-16 13:42:09,432 - default_logger - DEBUG - Update current game variables.
2026-03-16 13:42:09,458 - default_logger - DEBUG - wink the star icon.
2026-03-16 13:42:09,474 - default_logger - DEBUG - Update current game variables.
2026-03-16 13:42:09,478 - default_logger - DEBUG - wink the star icon.
2026-03-16 13:42:09,499 - default_logger - DEBUG - wink the star icon.
2026-03-16 13:42:09,505 - default_logger - DEBUG - Update current game variables.
2026-03-16 13:42:09,518 - default_logger - DEBUG - wink the star icon.
2026-03-16 13:42:09,535 - default_logger - DEBUG - Update current game variables.
2026-03-16 13:42:09,538 - default_logger - DEBUG - wink the star icon.
2026-03-16 13:42:09,570 - default_logger - DEBUG - Update current game variables.
2026-03-16 13:42:09,609 - default_logger - DEBUG - Update current game variables.
2026-03-16 13:42:09,640 - default_logger - DEBUG - Update current game variables.
2026-03-16 13:42:09,672 - default_logger - DEBUG - Update current game variables.
2026-03-16 13:42:09,703 - default_logger - DEBUG - Update current game variables.
2026-03-16 13:42:09,745 - default_logger - DEBUG - Update current game variables.
2026-03-16 13:42:09,750 - default_logger - DEBUG - Mole turn started. Mole is here.
2026-03-16 13:42:09,783 - default_logger - DEBUG - Update current game variables.
2026-03-16 13:42:09,817 - default_logger - DEBUG - Update current game variables.
2026-03-16 13:42:09,850 - default_logger - DEBUG - Update current game variables.
2026-03-16 13:42:09,884 - default_logger - DEBUG - Update current game variables.
2026-03-16 13:42:09,914 - default_logger - DEBUG - Update current game variables.
2026-03-16 13:42:09,949 - default_logger - DEBUG - Update current game variables.
2026-03-16 13:42:09,959 - default_logger - DEBUG - wink the star icon.
2026-03-16 13:42:09,978 - default_logger - DEBUG - wink the star icon.
2026-03-16 13:42:09,984 - default_logger - DEBUG - Update current game variables.
2026-03-16 13:42:09,999 - default_logger - DEBUG - wink the star icon.
2026-03-16 13:42:10,015 - default_logger - DEBUG - Update current game variables.
2026-03-16 13:42:10,019 - default_logger - DEBUG - wink the star icon.
2026-03-16 13:42:10,038 - default_logger - DEBUG - wink the star icon.
2026-03-16 13:42:10,047 - default_logger - DEBUG - Update current game variables.
2026-03-16 13:42:10,077 - default_logger - DEBUG - Update current game variables.
2026-03-16 13:42:10,114 - default_logger - DEBUG - Update current game variables.
2026-03-16 13:42:10,148 - default_logger - DEBUG - Update current game variables.
2026-03-16 13:42:10,178 - default_logger - DEBUG - Player successful hit!
2026-03-16 13:42:10,179 - default_logger - DEBUG - Player current score: 5
2026-03-16 13:42:10,180 - default_logger - DEBUG - Player current time int: 1500
2026-03-16 13:42:10,180 - default_logger - DEBUG - Player last reaction time in ms: 400
2026-03-16 13:42:10,181 - default_logger - DEBUG - Update current game variables.
2026-03-16 13:42:10,183 - default_logger - DEBUG - Player current playtime in s: 2.43
2026-03-16 13:42:10,183 - default_logger - DEBUG - Player current clicks: 5
2026-03-16 13:42:10,185 - default_logger - DEBUG - Player turn over.
2026-03-16 13:42:10,226 - default_logger - DEBUG - Update current game variables.
2026-03-16 13:42:10,255 - default_logger - DEBUG - Update current game variables.
2026-03-16 13:42:10,298 - default_logger - DEBUG - Update current game variables.
2026-03-16 13:42:10,335 - default_logger - DEBUG - Update current game variables.
2026-03-16 13:42:10,366 - default_logger - DEBUG - Update current game variables.
2026-03-16 13:42:10,397 - default_logger - DEBUG - Update current game variables.
2026-03-16 13:42:10,427 - default_logger - DEBUG - Update current game variables.
2026-03-16 13:42:10,456 - default_logger - DEBUG - Update current game variables.
2026-03-16 13:42:10,459 - default_logger - DEBUG - wink the star icon.
2026-03-16 13:42:10,479 - default_logger - DEBUG - wink the star icon.
2026-03-16 13:42:10,499 - default_logger - DEBUG - wink the star icon.
2026-03-16 13:42:10,500 - default_logger - DEBUG - Update current game variables.
2026-03-16 13:42:10,520 - default_logger - DEBUG - wink the star icon.
2026-03-16 13:42:10,532 - default_logger - DEBUG - Update current game variables.
2026-03-16 13:42:10,538 - default_logger - DEBUG - wink the star icon.
2026-03-16 13:42:10,563 - default_logger - DEBUG - Update current game variables.
2026-03-16 13:42:10,595 - default_logger - DEBUG - Update current game variables.
2026-03-16 13:42:10,635 - default_logger - DEBUG - Update current game variables.
2026-03-16 13:42:10,675 - default_logger - DEBUG - Update current game variables.
2026-03-16 13:42:10,707 - default_logger - DEBUG - Update current game variables.
2026-03-16 13:42:10,738 - default_logger - DEBUG - Update current game variables.
2026-03-16 13:42:10,769 - default_logger - DEBUG - Update current game variables.
2026-03-16 13:42:10,803 - default_logger - DEBUG - Update current game variables.
2026-03-16 13:42:10,834 - default_logger - DEBUG - Update current game variables.
2026-03-16 13:42:10,865 - default_logger - DEBUG - Update current game variables.
2026-03-16 13:42:10,896 - default_logger - DEBUG - Update current game variables.
2026-03-16 13:42:10,928 - default_logger - DEBUG - Update current game variables.
2026-03-16 13:42:10,959 - default_logger - DEBUG - wink the star icon.
2026-03-16 13:42:10,960 - default_logger - DEBUG - Update current game variables.
2026-03-16 13:42:10,979 - default_logger - DEBUG - wink the star icon.
2026-03-16 13:42:10,989 - default_logger - DEBUG - Update current game variables.
2026-03-16 13:42:11,000 - default_logger - DEBUG - wink the star icon.
2026-03-16 13:42:11,020 - default_logger - DEBUG - wink the star icon.
2026-03-16 13:42:11,032 - default_logger - DEBUG - Update current game variables.
2026-03-16 13:42:11,039 - default_logger - DEBUG - wink the star icon.
2026-03-16 13:42:11,069 - default_logger - DEBUG - Update current game variables.
2026-03-16 13:42:11,098 - default_logger - DEBUG - Update current game variables.
2026-03-16 13:42:11,131 - default_logger - DEBUG - Update current game variables.
2026-03-16 13:42:11,165 - default_logger - DEBUG - Update current game variables.
2026-03-16 13:42:11,198 - default_logger - DEBUG - Update current game variables.
2026-03-16 13:42:11,230 - default_logger - DEBUG - Update current game variables.
2026-03-16 13:42:11,261 - default_logger - DEBUG - Update current game variables.
2026-03-16 13:42:11,300 - default_logger - DEBUG - Update current game variables.
2026-03-16 13:42:11,332 - default_logger - DEBUG - Update current game variables.
2026-03-16 13:42:11,375 - default_logger - DEBUG - Update current game variables.
2026-03-16 13:42:11,407 - default_logger - DEBUG - Update current game variables.
2026-03-16 13:42:11,440 - default_logger - DEBUG - Update current game variables.
2026-03-16 13:42:11,459 - default_logger - DEBUG - wink the star icon.
2026-03-16 13:42:11,474 - default_logger - DEBUG - Update current game variables.
2026-03-16 13:42:11,480 - default_logger - DEBUG - wink the star icon.
2026-03-16 13:42:11,499 - default_logger - DEBUG - wink the star icon.
2026-03-16 13:42:11,504 - default_logger - DEBUG - Update current game variables.
2026-03-16 13:42:11,519 - default_logger - DEBUG - wink the star icon.
2026-03-16 13:42:11,534 - default_logger - DEBUG - Update current game variables.
2026-03-16 13:42:11,540 - default_logger - DEBUG - wink the star icon.
2026-03-16 13:42:11,565 - default_logger - DEBUG - Update current game variables.
2026-03-16 13:42:11,597 - default_logger - DEBUG - Update current game variables.
2026-03-16 13:42:11,628 - default_logger - DEBUG - Update current game variables.
2026-03-16 13:42:11,650 - default_logger - DEBUG - Mole turn started. Mole is here.
2026-03-16 13:42:11,660 - default_logger - DEBUG - Update current game variables.
2026-03-16 13:42:11,704 - default_logger - DEBUG - Update current game variables.
2026-03-16 13:42:11,735 - default_logger - DEBUG - Update current game variables.
2026-03-16 13:42:11,766 - default_logger - DEBUG - Update current game variables.
2026-03-16 13:42:11,804 - default_logger - DEBUG - Update current game variables.
2026-03-16 13:42:11,836 - default_logger - DEBUG - Update current game variables.
2026-03-16 13:42:11,867 - default_logger - DEBUG - Update current game variables.
2026-03-16 13:42:11,900 - default_logger - DEBUG - Update current game variables.
2026-03-16 13:42:11,949 - default_logger - DEBUG - Update current game variables.
2026-03-16 13:42:11,959 - default_logger - DEBUG - wink the star icon.
2026-03-16 13:42:11,979 - default_logger - DEBUG - wink the star icon.
2026-03-16 13:42:11,985 - default_logger - DEBUG - Update current game variables.
2026-03-16 13:42:11,999 - default_logger - DEBUG - wink the star icon.
2026-03-16 13:42:12,015 - default_logger - DEBUG - Update current game variables.
2026-03-16 13:42:12,019 - default_logger - DEBUG - wink the star icon.
2026-03-16 13:42:12,039 - default_logger - DEBUG - wink the star icon.
2026-03-16 13:42:12,048 - default_logger - DEBUG - Update current game variables.
2026-03-16 13:42:12,048 - default_logger - DEBUG - Player successful hit!
2026-03-16 13:42:12,049 - default_logger - DEBUG - Player current score: 6
2026-03-16 13:42:12,051 - default_logger - DEBUG - Player current time int: 1400
2026-03-16 13:42:12,051 - default_logger - DEBUG - Player last reaction time in ms: 300
2026-03-16 13:42:12,053 - default_logger - DEBUG - Player current playtime in s: 2.83
2026-03-16 13:42:12,053 - default_logger - DEBUG - Player current clicks: 6
2026-03-16 13:42:12,055 - default_logger - DEBUG - Player turn over.
2026-03-16 13:42:12,090 - default_logger - DEBUG - Update current game variables.
2026-03-16 13:42:12,131 - default_logger - DEBUG - Update current game variables.
2026-03-16 13:42:12,162 - default_logger - DEBUG - Update current game variables.
2026-03-16 13:42:12,193 - default_logger - DEBUG - Update current game variables.
2026-03-16 13:42:12,224 - default_logger - DEBUG - Update current game variables.
2026-03-16 13:42:12,255 - default_logger - DEBUG - Update current game variables.
2026-03-16 13:42:12,288 - default_logger - DEBUG - Update current game variables.
2026-03-16 13:42:12,320 - default_logger - DEBUG - Update current game variables.
2026-03-16 13:42:12,353 - default_logger - DEBUG - Update current game variables.
2026-03-16 13:42:12,383 - default_logger - DEBUG - Update current game variables.
2026-03-16 13:42:12,416 - default_logger - DEBUG - Update current game variables.
2026-03-16 13:42:12,448 - default_logger - DEBUG - Update current game variables.
2026-03-16 13:42:12,460 - default_logger - DEBUG - wink the star icon.
2026-03-16 13:42:12,480 - default_logger - DEBUG - wink the star icon.
2026-03-16 13:42:12,481 - default_logger - DEBUG - Update current game variables.
2026-03-16 13:42:12,500 - default_logger - DEBUG - wink the star icon.
2026-03-16 13:42:12,519 - default_logger - DEBUG - wink the star icon.
2026-03-16 13:42:12,523 - default_logger - DEBUG - Update current game variables.
2026-03-16 13:42:12,540 - default_logger - DEBUG - wink the star icon.
2026-03-16 13:42:12,557 - default_logger - DEBUG - Update current game variables.
2026-03-16 13:42:12,590 - default_logger - DEBUG - Update current game variables.
2026-03-16 13:42:12,620 - default_logger - DEBUG - Update current game variables.
2026-03-16 13:42:12,653 - default_logger - DEBUG - Update current game variables.
2026-03-16 13:42:12,683 - default_logger - DEBUG - Update current game variables.
2026-03-16 13:42:12,714 - default_logger - DEBUG - Update current game variables.
2026-03-16 13:42:12,751 - default_logger - DEBUG - Update current game variables.
2026-03-16 13:42:12,784 - default_logger - DEBUG - Update current game variables.
2026-03-16 13:42:12,816 - default_logger - DEBUG - Update current game variables.
2026-03-16 13:42:12,858 - default_logger - DEBUG - Update current game variables.
2026-03-16 13:42:12,888 - default_logger - DEBUG - Update current game variables.
2026-03-16 13:42:12,920 - default_logger - DEBUG - Update current game variables.
2026-03-16 13:42:12,952 - default_logger - DEBUG - Update current game variables.
2026-03-16 13:42:12,960 - default_logger - DEBUG - wink the star icon.
2026-03-16 13:42:12,980 - default_logger - DEBUG - wink the star icon.
2026-03-16 13:42:12,991 - default_logger - DEBUG - Update current game variables.
2026-03-16 13:42:13,001 - default_logger - DEBUG - wink the star icon.
2026-03-16 13:42:13,019 - default_logger - DEBUG - wink the star icon.
2026-03-16 13:42:13,028 - default_logger - DEBUG - Update current game variables.
2026-03-16 13:42:13,040 - default_logger - DEBUG - wink the star icon.
2026-03-16 13:42:13,066 - default_logger - DEBUG - Update current game variables.
2026-03-16 13:42:13,097 - default_logger - DEBUG - Update current game variables.
2026-03-16 13:42:13,129 - default_logger - DEBUG - Update current game variables.
2026-03-16 13:42:13,166 - default_logger - DEBUG - Update current game variables.
2026-03-16 13:42:13,197 - default_logger - DEBUG - Update current game variables.
2026-03-16 13:42:13,228 - default_logger - DEBUG - Update current game variables.
2026-03-16 13:42:13,259 - default_logger - DEBUG - Update current game variables.
2026-03-16 13:42:13,291 - default_logger - DEBUG - Update current game variables.
2026-03-16 13:42:13,322 - default_logger - DEBUG - Update current game variables.
2026-03-16 13:42:13,353 - default_logger - DEBUG - Update current game variables.
2026-03-16 13:42:13,399 - default_logger - DEBUG - Update current game variables.
2026-03-16 13:42:13,428 - default_logger - DEBUG - Update current game variables.
2026-03-16 13:42:13,451 - default_logger - DEBUG - Mole turn started. Mole is here.
2026-03-16 13:42:13,460 - default_logger - DEBUG - Update current game variables.
2026-03-16 13:42:13,460 - default_logger - DEBUG - wink the star icon.
2026-03-16 13:42:13,480 - default_logger - DEBUG - wink the star icon.
2026-03-16 13:42:13,495 - default_logger - DEBUG - Update current game variables.
2026-03-16 13:42:13,500 - default_logger - DEBUG - wink the star icon.
2026-03-16 13:42:13,520 - default_logger - DEBUG - wink the star icon.
2026-03-16 13:42:13,526 - default_logger - DEBUG - Update current game variables.
2026-03-16 13:42:13,540 - default_logger - DEBUG - wink the star icon.
2026-03-16 13:42:13,563 - default_logger - DEBUG - Update current game variables.
2026-03-16 13:42:13,597 - default_logger - DEBUG - Update current game variables.
2026-03-16 13:42:13,628 - default_logger - DEBUG - Update current game variables.
2026-03-16 13:42:13,660 - default_logger - DEBUG - Update current game variables.
2026-03-16 13:42:13,692 - default_logger - DEBUG - Update current game variables.
2026-03-16 13:42:13,724 - default_logger - DEBUG - Update current game variables.
2026-03-16 13:42:13,756 - default_logger - DEBUG - Update current game variables.
2026-03-16 13:42:13,791 - default_logger - DEBUG - Update current game variables.
2026-03-16 13:42:13,837 - default_logger - DEBUG - Update current game variables.
2026-03-16 13:42:13,872 - default_logger - DEBUG - Update current game variables.
2026-03-16 13:42:13,912 - default_logger - DEBUG - Update current game variables.
2026-03-16 13:42:13,943 - default_logger - DEBUG - Update current game variables.
2026-03-16 13:42:13,949 - default_logger - DEBUG - Player successful hit!
2026-03-16 13:42:13,950 - default_logger - DEBUG - Player current score: 7
2026-03-16 13:42:13,951 - default_logger - DEBUG - Player current time int: 1300
2026-03-16 13:42:13,951 - default_logger - DEBUG - Player last reaction time in ms: 400
2026-03-16 13:42:13,953 - default_logger - DEBUG - Player current playtime in s: 3.33
2026-03-16 13:42:13,954 - default_logger - DEBUG - Player current clicks: 7
2026-03-16 13:42:13,956 - default_logger - DEBUG - Player turn over.
2026-03-16 13:42:13,960 - default_logger - DEBUG - wink the star icon.
2026-03-16 13:42:13,972 - default_logger - DEBUG - Update current game variables.
2026-03-16 13:42:13,980 - default_logger - DEBUG - wink the star icon.
2026-03-16 13:42:14,001 - default_logger - DEBUG - wink the star icon.
2026-03-16 13:42:14,005 - default_logger - DEBUG - Update current game variables.
2026-03-16 13:42:14,020 - default_logger - DEBUG - wink the star icon.
2026-03-16 13:42:14,040 - default_logger - DEBUG - wink the star icon.
2026-03-16 13:42:14,048 - default_logger - DEBUG - Update current game variables.
2026-03-16 13:42:14,079 - default_logger - DEBUG - Update current game variables.
2026-03-16 13:42:14,109 - default_logger - DEBUG - Update current game variables.
2026-03-16 13:42:14,139 - default_logger - DEBUG - Update current game variables.
2026-03-16 13:42:14,168 - default_logger - DEBUG - Update current game variables.
2026-03-16 13:42:14,210 - default_logger - DEBUG - Update current game variables.
2026-03-16 13:42:14,241 - default_logger - DEBUG - Update current game variables.
2026-03-16 13:42:14,273 - default_logger - DEBUG - Update current game variables.
2026-03-16 13:42:14,316 - default_logger - DEBUG - Update current game variables.
2026-03-16 13:42:14,350 - default_logger - DEBUG - Update current game variables.
2026-03-16 13:42:14,390 - default_logger - DEBUG - Update current game variables.
2026-03-16 13:42:14,427 - default_logger - DEBUG - Update current game variables.
2026-03-16 13:42:14,459 - default_logger - DEBUG - Update current game variables.
2026-03-16 13:42:14,461 - default_logger - DEBUG - wink the star icon.
2026-03-16 13:42:14,481 - default_logger - DEBUG - wink the star icon.
2026-03-16 13:42:14,488 - default_logger - DEBUG - Update current game variables.
2026-03-16 13:42:14,501 - default_logger - DEBUG - wink the star icon.
2026-03-16 13:42:14,521 - default_logger - DEBUG - wink the star icon.
2026-03-16 13:42:14,529 - default_logger - DEBUG - Update current game variables.
2026-03-16 13:42:14,557 - default_logger - DEBUG - Update current game variables.
2026-03-16 13:42:14,589 - default_logger - DEBUG - Update current game variables.
2026-03-16 13:42:14,631 - default_logger - DEBUG - Update current game variables.
2026-03-16 13:42:14,676 - default_logger - DEBUG - Update current game variables.
2026-03-16 13:42:14,708 - default_logger - DEBUG - Update current game variables.
2026-03-16 13:42:14,739 - default_logger - DEBUG - Update current game variables.
2026-03-16 13:42:14,772 - default_logger - DEBUG - Update current game variables.
2026-03-16 13:42:14,804 - default_logger - DEBUG - Update current game variables.
2026-03-16 13:42:14,835 - default_logger - DEBUG - Update current game variables.
2026-03-16 13:42:14,867 - default_logger - DEBUG - Update current game variables.
2026-03-16 13:42:14,903 - default_logger - DEBUG - Update current game variables.
2026-03-16 13:42:14,935 - default_logger - DEBUG - Update current game variables.
2026-03-16 13:42:14,966 - default_logger - DEBUG - Update current game variables.
2026-03-16 13:42:14,998 - default_logger - DEBUG - Update current game variables.
2026-03-16 13:42:15,028 - default_logger - DEBUG - Update current game variables.
2026-03-16 13:42:15,055 - default_logger - DEBUG - Update current game variables.
2026-03-16 13:42:15,090 - default_logger - DEBUG - Update current game variables.
2026-03-16 13:42:15,125 - default_logger - DEBUG - Update current game variables.
2026-03-16 13:42:15,160 - default_logger - DEBUG - Update current game variables.
2026-03-16 13:42:15,195 - default_logger - DEBUG - Update current game variables.
2026-03-16 13:42:15,229 - default_logger - DEBUG - Update current game variables.
2026-03-16 13:42:15,265 - default_logger - DEBUG - Update current game variables.
2026-03-16 13:42:15,294 - default_logger - DEBUG - Update current game variables.
2026-03-16 13:42:15,328 - default_logger - DEBUG - Update current game variables.
2026-03-16 13:42:15,361 - default_logger - DEBUG - Update current game variables.
2026-03-16 13:42:15,405 - default_logger - DEBUG - Update current game variables.
2026-03-16 13:42:15,440 - default_logger - DEBUG - Update current game variables.
2026-03-16 13:42:15,480 - default_logger - DEBUG - Update current game variables.
2026-03-16 13:42:15,522 - default_logger - DEBUG - Update current game variables.
2026-03-16 13:42:15,551 - default_logger - DEBUG - Update current game variables.
2026-03-16 13:42:15,584 - default_logger - DEBUG - Update current game variables.
2026-03-16 13:42:15,613 - default_logger - DEBUG - Update current game variables.
2026-03-16 13:42:15,646 - default_logger - DEBUG - Update current game variables.
2026-03-16 13:42:15,677 - default_logger - DEBUG - Update current game variables.
2026-03-16 13:42:15,709 - default_logger - DEBUG - Update current game variables.
2026-03-16 13:42:15,742 - default_logger - DEBUG - Update current game variables.
2026-03-16 13:42:15,778 - default_logger - DEBUG - Update current game variables.
2026-03-16 13:42:15,824 - default_logger - DEBUG - Update current game variables.
2026-03-16 13:42:15,856 - default_logger - DEBUG - Update current game variables.
2026-03-16 13:42:15,889 - default_logger - DEBUG - Update current game variables.
2026-03-16 13:42:15,933 - default_logger - DEBUG - Update current game variables.
2026-03-16 13:42:15,966 - default_logger - DEBUG - Update current game variables.
2026-03-16 13:42:16,002 - default_logger - DEBUG - Update current game variables.
2026-03-16 13:42:16,034 - default_logger - DEBUG - Update current game variables.
2026-03-16 13:42:16,071 - default_logger - DEBUG - Update current game variables.
2026-03-16 13:42:16,100 - default_logger - DEBUG - Update current game variables.
2026-03-16 13:42:16,146 - default_logger - DEBUG - Update current game variables.
2026-03-16 13:42:16,181 - default_logger - DEBUG - Update current game variables.
2026-03-16 13:42:16,210 - default_logger - DEBUG - Update current game variables.
2026-03-16 13:42:16,241 - default_logger - DEBUG - Update current game variables.
2026-03-16 13:42:16,278 - default_logger - DEBUG - Update current game variables.
2026-03-16 13:42:16,313 - default_logger - DEBUG - Update current game variables.
2026-03-16 13:42:16,349 - default_logger - DEBUG - Update current game variables.
2026-03-16 13:42:16,390 - default_logger - DEBUG - Update current game variables.
2026-03-16 13:42:16,422 - default_logger - DEBUG - Update current game variables.
2026-03-16 13:42:16,466 - default_logger - DEBUG - Update current game variables.
2026-03-16 13:42:16,494 - default_logger - DEBUG - Update current game variables.
2026-03-16 13:42:16,535 - default_logger - DEBUG - Update current game variables.
2026-03-16 13:42:16,568 - default_logger - DEBUG - Update current game variables.
2026-03-16 13:42:16,599 - default_logger - DEBUG - Update current game variables.
2026-03-16 13:42:16,626 - default_logger - DEBUG - Update current game variables.
2026-03-16 13:42:16,668 - default_logger - DEBUG - Update current game variables.
2026-03-16 13:42:16,702 - default_logger - DEBUG - Update current game variables.
2026-03-16 13:42:16,732 - default_logger - DEBUG - Update current game variables.
2026-03-16 13:42:16,773 - default_logger - DEBUG - Update current game variables.
2026-03-16 13:42:16,804 - default_logger - DEBUG - Update current game variables.
2026-03-16 13:42:16,834 - default_logger - DEBUG - Update current game variables.
2026-03-16 13:42:16,870 - default_logger - DEBUG - Update current game variables.
2026-03-16 13:42:16,908 - default_logger - DEBUG - Update current game variables.
2026-03-16 13:42:16,940 - default_logger - DEBUG - Update current game variables.
2026-03-16 13:42:16,967 - default_logger - DEBUG - Update current game variables.
2026-03-16 13:42:17,001 - default_logger - DEBUG - Update current game variables.
2026-03-16 13:42:17,038 - default_logger - DEBUG - Update current game variables.
2026-03-16 13:42:17,078 - default_logger - DEBUG - Update current game variables.
2026-03-16 13:42:17,119 - default_logger - DEBUG - Update current game variables.
2026-03-16 13:42:17,154 - default_logger - DEBUG - Update current game variables.
2026-03-16 13:42:17,196 - default_logger - DEBUG - Update current game variables.
2026-03-16 13:42:17,230 - default_logger - DEBUG - Update current game variables.
2026-03-16 13:42:17,266 - default_logger - DEBUG - Update current game variables.
2026-03-16 13:42:17,294 - default_logger - DEBUG - Update current game variables.
2026-03-16 13:42:17,327 - default_logger - DEBUG - Update current game variables.
2026-03-16 13:42:17,373 - default_logger - DEBUG - Update current game variables.
2026-03-16 13:42:17,405 - default_logger - DEBUG - Update current game variables.
2026-03-16 13:42:17,445 - default_logger - DEBUG - Update current game variables.
2026-03-16 13:42:17,481 - default_logger - DEBUG - Update current game variables.
2026-03-16 13:42:17,509 - default_logger - DEBUG - Update current game variables.
2026-03-16 13:42:17,542 - default_logger - DEBUG - Update current game variables.
2026-03-16 13:42:17,577 - default_logger - DEBUG - Update current game variables.
2026-03-16 13:42:17,620 - default_logger - DEBUG - Update current game variables.
2026-03-16 13:42:17,654 - default_logger - DEBUG - Update current game variables.
2026-03-16 13:42:17,690 - default_logger - DEBUG - Update current game variables.
2026-03-16 13:42:17,724 - default_logger - DEBUG - Update current game variables.
2026-03-16 13:42:17,759 - default_logger - DEBUG - Update current game variables.
2026-03-16 13:42:17,801 - default_logger - DEBUG - Update current game variables.
2026-03-16 13:42:17,834 - default_logger - DEBUG - Update current game variables.
2026-03-16 13:42:17,875 - default_logger - DEBUG - Update current game variables.
2026-03-16 13:42:17,904 - default_logger - DEBUG - Update current game variables.
2026-03-16 13:42:17,939 - default_logger - DEBUG - Update current game variables.
2026-03-16 13:42:17,975 - default_logger - DEBUG - Update current game variables.
2026-03-16 13:42:18,005 - default_logger - DEBUG - Update current game variables.
2026-03-16 13:42:18,037 - default_logger - DEBUG - Update current game variables.
2026-03-16 13:42:18,073 - default_logger - DEBUG - Update current game variables.
2026-03-16 13:42:18,113 - default_logger - DEBUG - Update current game variables.
2026-03-16 13:42:18,155 - default_logger - DEBUG - Update current game variables.
2026-03-16 13:42:18,190 - default_logger - DEBUG - Update current game variables.
2026-03-16 13:42:18,224 - default_logger - DEBUG - Update current game variables.
2026-03-16 13:42:18,252 - default_logger - DEBUG - Update current game variables.
2026-03-16 13:42:18,287 - default_logger - DEBUG - Update current game variables.
2026-03-16 13:42:18,328 - default_logger - DEBUG - Update current game variables.
2026-03-16 13:42:18,363 - default_logger - DEBUG - Update current game variables.
2026-03-16 13:42:18,391 - default_logger - DEBUG - Update current game variables.
2026-03-16 13:42:18,425 - default_logger - DEBUG - Update current game variables.
2026-03-16 13:42:18,459 - default_logger - DEBUG - Update current game variables.
2026-03-16 13:42:18,495 - default_logger - DEBUG - Update current game variables.
2026-03-16 13:42:18,531 - default_logger - DEBUG - Update current game variables.
2026-03-16 13:42:18,565 - default_logger - DEBUG - Update current game variables.
2026-03-16 13:42:18,600 - default_logger - DEBUG - Update current game variables.
2026-03-16 13:42:18,644 - default_logger - DEBUG - Update current game variables.
2026-03-16 13:42:18,674 - default_logger - DEBUG - Update current game variables.
2026-03-16 13:42:18,711 - default_logger - DEBUG - Update current game variables.
2026-03-16 13:42:18,742 - default_logger - DEBUG - Update current game variables.
2026-03-16 13:42:18,772 - default_logger - DEBUG - Update current game variables.
2026-03-16 13:42:18,803 - default_logger - DEBUG - Update current game variables.
2026-03-16 13:42:18,834 - default_logger - DEBUG - Update current game variables.
2026-03-16 13:42:18,866 - default_logger - DEBUG - Update current game variables.
2026-03-16 13:42:18,903 - default_logger - DEBUG - Update current game variables.
2026-03-16 13:42:18,938 - default_logger - DEBUG - Update current game variables.
2026-03-16 13:42:18,969 - default_logger - DEBUG - Update current game variables.
2026-03-16 13:42:18,996 - default_logger - DEBUG - Update current game variables.
2026-03-16 13:42:19,031 - default_logger - DEBUG - Update current game variables.
2026-03-16 13:42:19,066 - default_logger - DEBUG - Update current game variables.
2026-03-16 13:42:19,107 - default_logger - DEBUG - Update current game variables.
2026-03-16 13:42:19,149 - default_logger - DEBUG - Update current game variables.
2026-03-16 13:42:19,191 - default_logger - DEBUG - Update current game variables.
2026-03-16 13:42:19,220 - default_logger - DEBUG - Update current game variables.
2026-03-16 13:42:19,254 - default_logger - DEBUG - Update current game variables.
2026-03-16 13:42:19,287 - default_logger - DEBUG - Update current game variables.
2026-03-16 13:42:19,317 - default_logger - DEBUG - Update current game variables.
2026-03-16 13:42:19,350 - default_logger - DEBUG - Update current game variables.
2026-03-16 13:42:19,384 - default_logger - DEBUG - Update current game variables.
2026-03-16 13:42:19,420 - default_logger - DEBUG - Update current game variables.
2026-03-16 13:42:19,460 - default_logger - DEBUG - Update current game variables.
2026-03-16 13:42:19,488 - default_logger - DEBUG - Update current game variables.
2026-03-16 13:42:19,524 - default_logger - DEBUG - Update current game variables.
2026-03-16 13:42:19,553 - default_logger - DEBUG - Update current game variables.
2026-03-16 13:42:19,586 - default_logger - DEBUG - Update current game variables.
2026-03-16 13:42:19,617 - default_logger - DEBUG - Update current game variables.
2026-03-16 13:42:19,649 - default_logger - DEBUG - Update current game variables.
2026-03-16 13:42:19,683 - default_logger - DEBUG - Update current game variables.
2026-03-16 13:42:19,717 - default_logger - DEBUG - Update current game variables.
2026-03-16 13:42:19,747 - default_logger - DEBUG - Update current game variables.
2026-03-16 13:42:19,779 - default_logger - DEBUG - Update current game variables.
2026-03-16 13:42:19,809 - default_logger - DEBUG - Update current game variables.
2026-03-16 13:42:19,844 - default_logger - DEBUG - Update current game variables.
2026-03-16 13:42:19,885 - default_logger - DEBUG - Update current game variables.
2026-03-16 13:42:19,919 - default_logger - DEBUG - Update current game variables.
2026-03-16 13:42:19,954 - default_logger - DEBUG - Update current game variables.
2026-03-16 13:42:19,989 - default_logger - DEBUG - Update current game variables.
2026-03-16 13:42:20,017 - default_logger - DEBUG - Update current game variables.
2026-03-16 13:42:20,052 - default_logger - DEBUG - Update current game variables.
2026-03-16 13:42:20,094 - default_logger - DEBUG - Update current game variables.
2026-03-16 13:42:20,127 - default_logger - DEBUG - Update current game variables.
2026-03-16 13:42:20,170 - default_logger - DEBUG - Update current game variables.
2026-03-16 13:42:20,203 - default_logger - DEBUG - Update current game variables.
2026-03-16 13:42:20,244 - default_logger - DEBUG - Update current game variables.
2026-03-16 13:42:20,275 - default_logger - DEBUG - Update current game variables.
2026-03-16 13:42:20,308 - default_logger - DEBUG - Update current game variables.
2026-03-16 13:42:20,336 - default_logger - DEBUG - Update current game variables.
2026-03-16 13:42:20,370 - default_logger - DEBUG - Update current game variables.
2026-03-16 13:42:20,406 - default_logger - DEBUG - Update current game variables.
2026-03-16 13:42:20,439 - default_logger - DEBUG - Update current game variables.
2026-03-16 13:42:20,475 - default_logger - DEBUG - Update current game variables.
2026-03-16 13:42:20,504 - default_logger - DEBUG - Update current game variables.
2026-03-16 13:42:20,545 - default_logger - DEBUG - Update current game variables.
2026-03-16 13:42:20,576 - default_logger - DEBUG - Update current game variables.
2026-03-16 13:42:20,607 - default_logger - DEBUG - Update current game variables.
2026-03-16 13:42:20,643 - default_logger - DEBUG - Update current game variables.
2026-03-16 13:42:20,682 - default_logger - DEBUG - Update current game variables.
2026-03-16 13:42:20,713 - default_logger - DEBUG - Update current game variables.
2026-03-16 13:42:20,744 - default_logger - DEBUG - Update current game variables.
2026-03-16 13:42:20,775 - default_logger - DEBUG - Update current game variables.
2026-03-16 13:42:20,815 - default_logger - DEBUG - Update current game variables.
2026-03-16 13:42:20,850 - default_logger - DEBUG - Update current game variables.
2026-03-16 13:42:20,886 - default_logger - DEBUG - Update current game variables.
2026-03-16 13:42:20,930 - default_logger - DEBUG - Update current game variables.
2026-03-16 13:42:20,961 - default_logger - DEBUG - Update current game variables.
2026-03-16 13:42:20,992 - default_logger - DEBUG - Update current game variables.
2026-03-16 13:42:21,024 - default_logger - DEBUG - Update current game variables.
2026-03-16 13:42:21,059 - default_logger - DEBUG - Update current game variables.
2026-03-16 13:42:21,093 - default_logger - DEBUG - Update current game variables.
2026-03-16 13:42:21,128 - default_logger - DEBUG - Update current game variables.
2026-03-16 13:42:21,171 - default_logger - DEBUG - Update current game variables.
2026-03-16 13:42:21,212 - default_logger - DEBUG - Update current game variables.
2026-03-16 13:42:21,246 - default_logger - DEBUG - Update current game variables.
2026-03-16 13:42:21,280 - default_logger - DEBUG - Update current game variables.
2026-03-16 13:42:21,314 - default_logger - DEBUG - Update current game variables.
2026-03-16 13:42:21,350 - default_logger - DEBUG - Update current game variables.
2026-03-16 13:42:21,391 - default_logger - DEBUG - Update current game variables.
2026-03-16 13:42:21,434 - default_logger - DEBUG - Update current game variables.
2026-03-16 13:42:21,469 - default_logger - DEBUG - Update current game variables.
2026-03-16 13:42:21,503 - default_logger - DEBUG - Update current game variables.
2026-03-16 13:42:21,544 - default_logger - DEBUG - Update current game variables.
2026-03-16 13:42:21,582 - default_logger - DEBUG - Update current game variables.
2026-03-16 13:42:21,624 - default_logger - DEBUG - Update current game variables.
2026-03-16 13:42:21,660 - default_logger - DEBUG - Update current game variables.
2026-03-16 13:42:21,692 - default_logger - DEBUG - Update current game variables.
2026-03-16 13:42:21,723 - default_logger - DEBUG - Update current game variables.
2026-03-16 13:42:21,753 - default_logger - DEBUG - Update current game variables.
2026-03-16 13:42:21,788 - default_logger - DEBUG - Update current game variables.
2026-03-16 13:42:21,834 - default_logger - DEBUG - Update current game variables.
2026-03-16 13:42:21,863 - default_logger - DEBUG - Update current game variables.
2026-03-16 13:42:21,900 - default_logger - DEBUG - Update current game variables.
2026-03-16 13:42:21,929 - default_logger - DEBUG - Update current game variables.
2026-03-16 13:42:21,954 - default_logger - DEBUG - Update current game variables.
2026-03-16 13:42:21,990 - default_logger - DEBUG - Update current game variables.
2026-03-16 13:42:22,024 - default_logger - DEBUG - Update current game variables.
2026-03-16 13:42:22,059 - default_logger - DEBUG - Update current game variables.
2026-03-16 13:42:22,088 - default_logger - DEBUG - Update current game variables.
2026-03-16 13:42:22,121 - default_logger - DEBUG - Update current game variables.
2026-03-16 13:42:22,154 - default_logger - DEBUG - Update current game variables.
2026-03-16 13:42:22,184 - default_logger - DEBUG - Update current game variables.
2026-03-16 13:42:22,227 - default_logger - DEBUG - Update current game variables.
2026-03-16 13:42:22,267 - default_logger - DEBUG - Update current game variables.
2026-03-16 13:42:22,301 - default_logger - DEBUG - Update current game variables.
2026-03-16 13:42:22,330 - default_logger - DEBUG - Update current game variables.
2026-03-16 13:42:22,374 - default_logger - DEBUG - Update current game variables.
2026-03-16 13:42:22,421 - default_logger - DEBUG - Update current game variables.
2026-03-16 13:42:22,459 - default_logger - DEBUG - Update current game variables.
2026-03-16 13:42:22,491 - default_logger - DEBUG - Update current game variables.
2026-03-16 13:42:22,531 - default_logger - DEBUG - Update current game variables.
2026-03-16 13:42:22,565 - default_logger - DEBUG - Update current game variables.
2026-03-16 13:42:22,594 - default_logger - DEBUG - Update current game variables.
2026-03-16 13:42:22,636 - default_logger - DEBUG - Update current game variables.
2026-03-16 13:42:22,670 - default_logger - DEBUG - Update current game variables.
2026-03-16 13:42:22,700 - default_logger - DEBUG - Update current game variables.
2026-03-16 13:42:22,740 - default_logger - DEBUG - Update current game variables.
2026-03-16 13:42:22,781 - default_logger - DEBUG - Update current game variables.
2026-03-16 13:42:22,826 - default_logger - DEBUG - Update current game variables.
2026-03-16 13:42:22,859 - default_logger - DEBUG - Update current game variables.
2026-03-16 13:42:22,899 - default_logger - DEBUG - Update current game variables.
2026-03-16 13:42:22,928 - default_logger - DEBUG - Update current game variables.
2026-03-16 13:42:22,968 - default_logger - DEBUG - Update current game variables.
2026-03-16 13:42:23,010 - default_logger - DEBUG - Update current game variables.
2026-03-16 13:42:23,038 - default_logger - DEBUG - Update current game variables.
2026-03-16 13:42:23,080 - default_logger - DEBUG - Update current game variables.
2026-03-16 13:42:23,115 - default_logger - DEBUG - Update current game variables.
2026-03-16 13:42:23,150 - default_logger - DEBUG - Update current game variables.
2026-03-16 13:42:23,191 - default_logger - DEBUG - Update current game variables.
2026-03-16 13:42:23,234 - default_logger - DEBUG - Update current game variables.
2026-03-16 13:42:23,275 - default_logger - DEBUG - Update current game variables.
2026-03-16 13:42:23,309 - default_logger - DEBUG - Update current game variables.
2026-03-16 13:42:23,350 - default_logger - DEBUG - Update current game variables.
2026-03-16 13:42:23,380 - default_logger - DEBUG - Update current game variables.
2026-03-16 13:42:23,423 - default_logger - DEBUG - Update current game variables.
2026-03-16 13:42:23,458 - default_logger - DEBUG - Update current game variables.
2026-03-16 13:42:23,490 - default_logger - DEBUG - Update current game variables.
2026-03-16 13:42:23,529 - default_logger - DEBUG - Update current game variables.
2026-03-16 13:42:23,564 - default_logger - DEBUG - Update current game variables.
2026-03-16 13:42:23,595 - default_logger - DEBUG - Update current game variables.
2026-03-16 13:42:23,636 - default_logger - DEBUG - Update current game variables.
2026-03-16 13:42:23,679 - default_logger - DEBUG - Update current game variables.
2026-03-16 13:42:23,720 - default_logger - DEBUG - Update current game variables.
2026-03-16 13:42:23,753 - default_logger - DEBUG - Update current game variables.
2026-03-16 13:42:23,789 - default_logger - DEBUG - Update current game variables.
2026-03-16 13:42:23,826 - default_logger - DEBUG - Update current game variables.
2026-03-16 13:42:23,859 - default_logger - DEBUG - Update current game variables.
2026-03-16 13:42:23,896 - default_logger - DEBUG - Update current game variables.
2026-03-16 13:42:23,935 - default_logger - DEBUG - Update current game variables.
2026-03-16 13:42:23,969 - default_logger - DEBUG - Update current game variables.
2026-03-16 13:42:24,004 - default_logger - DEBUG - Update current game variables.
2026-03-16 13:42:24,038 - default_logger - DEBUG - Update current game variables.
2026-03-16 13:42:24,070 - default_logger - DEBUG - Restarted the background music.
2026-03-16 13:42:24,080 - default_logger - DEBUG - Update current game variables.
2026-03-16 13:42:24,122 - default_logger - DEBUG - Update current game variables.
2026-03-16 13:42:24,150 - default_logger - DEBUG - Update current game variables.
2026-03-16 13:42:24,186 - default_logger - DEBUG - Update current game variables.
2026-03-16 13:42:24,220 - default_logger - DEBUG - Update current game variables.
2026-03-16 13:42:24,254 - default_logger - DEBUG - Update current game variables.
2026-03-16 13:42:24,288 - default_logger - DEBUG - Update current game variables.
2026-03-16 13:42:24,318 - default_logger - DEBUG - Update current game variables.
2026-03-16 13:42:24,353 - default_logger - DEBUG - Update current game variables.
2026-03-16 13:42:24,380 - default_logger - DEBUG - Update current game variables.
2026-03-16 13:42:24,414 - default_logger - DEBUG - Update current game variables.
2026-03-16 13:42:24,443 - default_logger - DEBUG - Update current game variables.
2026-03-16 13:42:24,483 - default_logger - DEBUG - Update current game variables.
2026-03-16 13:42:24,522 - default_logger - DEBUG - Update current game variables.
2026-03-16 13:42:24,553 - default_logger - DEBUG - Update current game variables.
2026-03-16 13:42:24,598 - default_logger - DEBUG - Update current game variables.
2026-03-16 13:42:24,629 - default_logger - DEBUG - Update current game variables.
2026-03-16 13:42:24,661 - default_logger - DEBUG - Update current game variables.
2026-03-16 13:42:24,692 - default_logger - DEBUG - Update current game variables.
2026-03-16 13:42:24,727 - default_logger - DEBUG - Update current game variables.
2026-03-16 13:42:24,761 - default_logger - DEBUG - Update current game variables.
2026-03-16 13:42:24,790 - default_logger - DEBUG - Update current game variables.
2026-03-16 13:42:24,819 - default_logger - DEBUG - Update current game variables.
2026-03-16 13:42:24,851 - default_logger - DEBUG - Update current game variables.
2026-03-16 13:42:24,886 - default_logger - DEBUG - Update current game variables.
2026-03-16 13:42:24,934 - default_logger - DEBUG - Update current game variables.
2026-03-16 13:42:24,966 - default_logger - DEBUG - Update current game variables.
2026-03-16 13:42:25,012 - default_logger - DEBUG - Update current game variables.
2026-03-16 13:42:25,044 - default_logger - DEBUG - Update current game variables.
2026-03-16 13:42:25,085 - default_logger - DEBUG - Update current game variables.
2026-03-16 13:42:25,120 - default_logger - DEBUG - Update current game variables.
2026-03-16 13:42:25,164 - default_logger - DEBUG - Update current game variables.
2026-03-16 13:42:25,195 - default_logger - DEBUG - Update current game variables.
2026-03-16 13:42:25,230 - default_logger - DEBUG - Update current game variables.
2026-03-16 13:42:25,257 - default_logger - DEBUG - Update current game variables.
2026-03-16 13:42:25,296 - default_logger - DEBUG - Update current game variables.
2026-03-16 13:42:25,338 - default_logger - DEBUG - Update current game variables.
2026-03-16 13:42:25,366 - default_logger - DEBUG - Update current game variables.
2026-03-16 13:42:25,402 - default_logger - DEBUG - Update current game variables.
2026-03-16 13:42:25,431 - default_logger - DEBUG - Update current game variables.
2026-03-16 13:42:25,470 - default_logger - DEBUG - Update current game variables.
2026-03-16 13:42:25,503 - default_logger - DEBUG - Update current game variables.
2026-03-16 13:42:25,536 - default_logger - DEBUG - Update current game variables.
2026-03-16 13:42:25,566 - default_logger - DEBUG - Update current game variables.
2026-03-16 13:42:25,596 - default_logger - DEBUG - Update current game variables.
2026-03-16 13:42:25,627 - default_logger - DEBUG - Update current game variables.
2026-03-16 13:42:25,658 - default_logger - DEBUG - Update current game variables.
2026-03-16 13:42:25,692 - default_logger - DEBUG - Update current game variables.
2026-03-16 13:42:25,728 - default_logger - DEBUG - Update current game variables.
2026-03-16 13:42:25,760 - default_logger - DEBUG - Update current game variables.
2026-03-16 13:42:25,795 - default_logger - DEBUG - Update current game variables.
2026-03-16 13:42:25,831 - default_logger - DEBUG - Update current game variables.
2026-03-16 13:42:25,867 - default_logger - DEBUG - Update current game variables.
2026-03-16 13:42:25,908 - default_logger - DEBUG - Update current game variables.
2026-03-16 13:42:25,941 - default_logger - DEBUG - Update current game variables.
2026-03-16 13:42:25,970 - default_logger - DEBUG - Update current game variables.
2026-03-16 13:42:25,998 - default_logger - DEBUG - Update current game variables.
2026-03-16 13:42:26,040 - default_logger - DEBUG - Update current game variables.
2026-03-16 13:42:26,074 - default_logger - DEBUG - Update current game variables.
2026-03-16 13:42:26,110 - default_logger - DEBUG - Update current game variables.
2026-03-16 13:42:26,150 - default_logger - DEBUG - Update current game variables.
2026-03-16 13:42:26,187 - default_logger - DEBUG - Update current game variables.
2026-03-16 13:42:26,220 - default_logger - DEBUG - Update current game variables.
2026-03-16 13:42:26,250 - default_logger - DEBUG - Update current game variables.
2026-03-16 13:42:26,287 - default_logger - DEBUG - Update current game variables.
2026-03-16 13:42:26,319 - default_logger - DEBUG - Update current game variables.
2026-03-16 13:42:26,359 - default_logger - DEBUG - Update current game variables.
2026-03-16 13:42:26,390 - default_logger - DEBUG - Update current game variables.
2026-03-16 13:42:26,422 - default_logger - DEBUG - Update current game variables.
2026-03-16 13:42:26,456 - default_logger - DEBUG - Update current game variables.
2026-03-16 13:42:26,486 - default_logger - DEBUG - Update current game variables.
2026-03-16 13:42:26,516 - default_logger - DEBUG - Update current game variables.
2026-03-16 13:42:26,554 - default_logger - DEBUG - Update current game variables.
2026-03-16 13:42:26,586 - default_logger - DEBUG - Update current game variables.
2026-03-16 13:42:26,626 - default_logger - DEBUG - Update current game variables.
2026-03-16 13:42:26,658 - default_logger - DEBUG - Update current game variables.
2026-03-16 13:42:26,686 - default_logger - DEBUG - Update current game variables.
2026-03-16 13:42:26,721 - default_logger - DEBUG - Update current game variables.
2026-03-16 13:42:26,770 - default_logger - DEBUG - Update current game variables.
2026-03-16 13:42:26,805 - default_logger - DEBUG - Update current game variables.
2026-03-16 13:42:26,835 - default_logger - DEBUG - Update current game variables.
2026-03-16 13:42:26,869 - default_logger - DEBUG - Update current game variables.
2026-03-16 13:42:26,904 - default_logger - DEBUG - Update current game variables.
2026-03-16 13:42:26,949 - default_logger - DEBUG - Update current game variables.
2026-03-16 13:42:26,986 - default_logger - DEBUG - Update current game variables.
2026-03-16 13:42:27,026 - default_logger - DEBUG - Update current game variables.
2026-03-16 13:42:27,062 - default_logger - DEBUG - Update current game variables.
2026-03-16 13:42:27,104 - default_logger - DEBUG - Update current game variables.
2026-03-16 13:42:27,136 - default_logger - DEBUG - Update current game variables.
2026-03-16 13:42:27,165 - default_logger - DEBUG - Update current game variables.
2026-03-16 13:42:27,200 - default_logger - DEBUG - Update current game variables.
2026-03-16 13:42:27,236 - default_logger - DEBUG - Update current game variables.
2026-03-16 13:42:27,268 - default_logger - DEBUG - Update current game variables.
2026-03-16 13:42:27,299 - default_logger - DEBUG - Update current game variables.
2026-03-16 13:42:27,332 - default_logger - DEBUG - Update current game variables.
2026-03-16 13:42:27,360 - default_logger - DEBUG - Update current game variables.
2026-03-16 13:42:27,397 - default_logger - DEBUG - Update current game variables.
2026-03-16 13:42:27,443 - default_logger - DEBUG - Update current game variables.
2026-03-16 13:42:27,478 - default_logger - DEBUG - Update current game variables.
2026-03-16 13:42:27,520 - default_logger - DEBUG - Update current game variables.
2026-03-16 13:42:27,562 - default_logger - DEBUG - Update current game variables.
2026-03-16 13:42:27,601 - default_logger - DEBUG - Update current game variables.
2026-03-16 13:42:27,633 - default_logger - DEBUG - Update current game variables.
2026-03-16 13:42:27,661 - default_logger - DEBUG - Update current game variables.
2026-03-16 13:42:27,693 - default_logger - DEBUG - Update current game variables.
2026-03-16 13:42:27,721 - default_logger - DEBUG - Update current game variables.
2026-03-16 13:42:27,755 - default_logger - DEBUG - Update current game variables.
2026-03-16 13:42:27,791 - default_logger - DEBUG - Update current game variables.
2026-03-16 13:42:27,826 - default_logger - DEBUG - Update current game variables.
2026-03-16 13:42:27,857 - default_logger - DEBUG - Update current game variables.
2026-03-16 13:42:27,888 - default_logger - DEBUG - Update current game variables.
2026-03-16 13:42:27,929 - default_logger - DEBUG - Update current game variables.
2026-03-16 13:42:27,960 - default_logger - DEBUG - Update current game variables.
2026-03-16 13:42:27,991 - default_logger - DEBUG - Update current game variables.
2026-03-16 13:42:28,026 - default_logger - DEBUG - Update current game variables.
2026-03-16 13:42:28,067 - default_logger - DEBUG - Update current game variables.
2026-03-16 13:42:28,106 - default_logger - DEBUG - Update current game variables.
2026-03-16 13:42:28,144 - default_logger - DEBUG - Update current game variables.
2026-03-16 13:42:28,178 - default_logger - DEBUG - Update current game variables.
2026-03-16 13:42:28,216 - default_logger - DEBUG - Update current game variables.
2026-03-16 13:42:28,255 - default_logger - DEBUG - Update current game variables.
2026-03-16 13:42:28,291 - default_logger - DEBUG - Update current game variables.
2026-03-16 13:42:28,326 - default_logger - DEBUG - Update current game variables.
2026-03-16 13:42:28,365 - default_logger - DEBUG - Update current game variables.
2026-03-16 13:42:28,402 - default_logger - DEBUG - Update current game variables.
2026-03-16 13:42:28,444 - default_logger - DEBUG - Update current game variables.
2026-03-16 13:42:28,476 - default_logger - DEBUG - Update current game variables.
2026-03-16 13:42:28,508 - default_logger - DEBUG - Update current game variables.
2026-03-16 13:42:28,547 - default_logger - DEBUG - Update current game variables.
2026-03-16 13:42:28,582 - default_logger - DEBUG - Update current game variables.
2026-03-16 13:42:28,611 - default_logger - DEBUG - Update current game variables.
2026-03-16 13:42:28,645 - default_logger - DEBUG - Update current game variables.
2026-03-16 13:42:28,676 - default_logger - DEBUG - Update current game variables.
2026-03-16 13:42:28,719 - default_logger - DEBUG - Update current game variables.
2026-03-16 13:42:28,749 - default_logger - DEBUG - Update current game variables.
2026-03-16 13:42:28,784 - default_logger - DEBUG - Update current game variables.
2026-03-16 13:42:28,816 - default_logger - DEBUG - Update current game variables.
2026-03-16 13:42:28,854 - default_logger - DEBUG - Update current game variables.
2026-03-16 13:42:28,881 - default_logger - DEBUG - Update current game variables.
2026-03-16 13:42:28,926 - default_logger - DEBUG - Update current game variables.
2026-03-16 13:42:28,954 - default_logger - DEBUG - Update current game variables.
2026-03-16 13:42:28,993 - default_logger - DEBUG - Update current game variables.
2026-03-16 13:42:29,026 - default_logger - DEBUG - Update current game variables.
2026-03-16 13:42:29,062 - default_logger - DEBUG - Update current game variables.
2026-03-16 13:42:29,098 - default_logger - DEBUG - Update current game variables.
2026-03-16 13:42:29,135 - default_logger - DEBUG - Update current game variables.
2026-03-16 13:42:29,171 - default_logger - DEBUG - Update current game variables.
2026-03-16 13:42:29,204 - default_logger - DEBUG - Update current game variables.
2026-03-16 13:42:29,244 - default_logger - DEBUG - Update current game variables.
2026-03-16 13:42:29,280 - default_logger - DEBUG - Update current game variables.
2026-03-16 13:42:29,312 - default_logger - DEBUG - Update current game variables.
2026-03-16 13:42:29,348 - default_logger - DEBUG - Update current game variables.
2026-03-16 13:42:29,376 - default_logger - DEBUG - Update current game variables.
2026-03-16 13:42:29,409 - default_logger - DEBUG - Update current game variables.
2026-03-16 13:42:29,444 - default_logger - DEBUG - Update current game variables.
2026-03-16 13:42:29,478 - default_logger - DEBUG - Update current game variables.
2026-03-16 13:42:29,507 - default_logger - DEBUG - Update current game variables.
2026-03-16 13:42:29,550 - default_logger - DEBUG - Update current game variables.
2026-03-16 13:42:29,583 - default_logger - DEBUG - Update current game variables.
2026-03-16 13:42:29,618 - default_logger - DEBUG - Update current game variables.
2026-03-16 13:42:29,652 - default_logger - DEBUG - Update current game variables.
2026-03-16 13:42:29,688 - default_logger - DEBUG - Update current game variables.
2026-03-16 13:42:29,723 - default_logger - DEBUG - Update current game variables.
2026-03-16 13:42:29,757 - default_logger - DEBUG - Update current game variables.
2026-03-16 13:42:29,792 - default_logger - DEBUG - Update current game variables.
2026-03-16 13:42:29,826 - default_logger - DEBUG - Update current game variables.
2026-03-16 13:42:29,867 - default_logger - DEBUG - Update current game variables.
2026-03-16 13:42:29,902 - default_logger - DEBUG - Update current game variables.
2026-03-16 13:42:29,937 - default_logger - DEBUG - Update current game variables.
2026-03-16 13:42:29,966 - default_logger - DEBUG - Update current game variables.
2026-03-16 13:42:30,001 - default_logger - DEBUG - Update current game variables.
2026-03-16 13:42:30,035 - default_logger - DEBUG - Update current game variables.
2026-03-16 13:42:30,077 - default_logger - DEBUG - Update current game variables.
2026-03-16 13:42:30,106 - default_logger - DEBUG - Update current game variables.
2026-03-16 13:42:30,135 - default_logger - DEBUG - Update current game variables.
2026-03-16 13:42:30,169 - default_logger - DEBUG - Update current game variables.
2026-03-16 13:42:30,197 - default_logger - DEBUG - Update current game variables.
2026-03-16 13:42:30,231 - default_logger - DEBUG - Update current game variables.
2026-03-16 13:42:30,265 - default_logger - DEBUG - Update current game variables.
2026-03-16 13:42:30,306 - default_logger - DEBUG - Update current game variables.
2026-03-16 13:42:30,340 - default_logger - DEBUG - Update current game variables.
2026-03-16 13:42:30,373 - default_logger - DEBUG - Update current game variables.
2026-03-16 13:42:30,405 - default_logger - DEBUG - Update current game variables.
2026-03-16 13:42:30,433 - default_logger - DEBUG - Update current game variables.
2026-03-16 13:42:30,465 - default_logger - DEBUG - Update current game variables.
2026-03-16 13:42:30,496 - default_logger - DEBUG - Update current game variables.
2026-03-16 13:42:30,536 - default_logger - DEBUG - Update current game variables.
2026-03-16 13:42:30,570 - default_logger - DEBUG - Update current game variables.
2026-03-16 13:42:30,602 - default_logger - DEBUG - Update current game variables.
2026-03-16 13:42:30,634 - default_logger - DEBUG - Update current game variables.
2026-03-16 13:42:30,676 - default_logger - DEBUG - Update current game variables.
2026-03-16 13:42:30,708 - default_logger - DEBUG - Update current game variables.
2026-03-16 13:42:30,745 - default_logger - DEBUG - Update current game variables.
2026-03-16 13:42:30,775 - default_logger - DEBUG - Update current game variables.
2026-03-16 13:42:30,807 - default_logger - DEBUG - Update current game variables.
2026-03-16 13:42:30,841 - default_logger - DEBUG - Update current game variables.
2026-03-16 13:42:30,876 - default_logger - DEBUG - Update current game variables.
2026-03-16 13:42:30,918 - default_logger - DEBUG - Update current game variables.
2026-03-16 13:42:30,958 - default_logger - DEBUG - Update current game variables.
2026-03-16 13:42:30,989 - default_logger - DEBUG - Update current game variables.
2026-03-16 13:42:31,019 - default_logger - DEBUG - Update current game variables.
2026-03-16 13:42:31,055 - default_logger - DEBUG - Update current game variables.
2026-03-16 13:42:31,084 - default_logger - DEBUG - Update current game variables.
2026-03-16 13:42:31,121 - default_logger - DEBUG - Update current game variables.
2026-03-16 13:42:31,150 - default_logger - DEBUG - Update current game variables.
2026-03-16 13:42:31,180 - default_logger - DEBUG - Update current game variables.
2026-03-16 13:42:31,217 - default_logger - DEBUG - Update current game variables.
2026-03-16 13:42:31,253 - default_logger - DEBUG - Update current game variables.
2026-03-16 13:42:31,286 - default_logger - DEBUG - Update current game variables.
2026-03-16 13:42:31,326 - default_logger - DEBUG - Update current game variables.
2026-03-16 13:42:31,361 - default_logger - DEBUG - Update current game variables.
2026-03-16 13:42:31,395 - default_logger - DEBUG - Update current game variables.
2026-03-16 13:42:31,433 - default_logger - DEBUG - Update current game variables.
2026-03-16 13:42:31,467 - default_logger - DEBUG - Update current game variables.
2026-03-16 13:42:31,502 - default_logger - DEBUG - Update current game variables.
2026-03-16 13:42:31,535 - default_logger - DEBUG - Update current game variables.
2026-03-16 13:42:31,567 - default_logger - DEBUG - Update current game variables.
2026-03-16 13:42:31,599 - default_logger - DEBUG - Update current game variables.
2026-03-16 13:42:31,639 - default_logger - DEBUG - Update current game variables.
2026-03-16 13:42:31,674 - default_logger - DEBUG - Update current game variables.
2026-03-16 13:42:31,716 - default_logger - DEBUG - Update current game variables.
2026-03-16 13:42:31,751 - default_logger - DEBUG - Update current game variables.
2026-03-16 13:42:31,787 - default_logger - DEBUG - Update current game variables.
2026-03-16 13:42:31,821 - default_logger - DEBUG - Update current game variables.
2026-03-16 13:42:31,850 - default_logger - DEBUG - Update current game variables.
2026-03-16 13:42:31,883 - default_logger - DEBUG - Update current game variables.
2026-03-16 13:42:31,917 - default_logger - DEBUG - Update current game variables.
2026-03-16 13:42:31,962 - default_logger - DEBUG - Update current game variables.
2026-03-16 13:42:32,001 - default_logger - DEBUG - Update current game variables.
2026-03-16 13:42:32,035 - default_logger - DEBUG - Update current game variables.
2026-03-16 13:42:32,072 - default_logger - DEBUG - Update current game variables.
2026-03-16 13:42:32,110 - default_logger - DEBUG - Update current game variables.
2026-03-16 13:42:32,147 - default_logger - DEBUG - Update current game variables.
2026-03-16 13:42:32,180 - default_logger - DEBUG - Update current game variables.
2026-03-16 13:42:32,217 - default_logger - DEBUG - Update current game variables.
2026-03-16 13:42:32,251 - default_logger - DEBUG - Update current game variables.
2026-03-16 13:42:32,279 - default_logger - DEBUG - Update current game variables.
2026-03-16 13:42:32,323 - default_logger - DEBUG - Update current game variables.
2026-03-16 13:42:32,357 - default_logger - DEBUG - Update current game variables.
2026-03-16 13:42:32,397 - default_logger - DEBUG - Update current game variables.
2026-03-16 13:42:32,432 - default_logger - DEBUG - Update current game variables.
2026-03-16 13:42:32,467 - default_logger - DEBUG - Update current game variables.
2026-03-16 13:42:32,502 - default_logger - DEBUG - Update current game variables.
2026-03-16 13:42:32,536 - default_logger - DEBUG - Update current game variables.
2026-03-16 13:42:32,565 - default_logger - DEBUG - Update current game variables.
2026-03-16 13:42:32,607 - default_logger - DEBUG - Update current game variables.
2026-03-16 13:42:32,640 - default_logger - DEBUG - Update current game variables.
2026-03-16 13:42:32,670 - default_logger - DEBUG - Update current game variables.
2026-03-16 13:42:32,703 - default_logger - DEBUG - Update current game variables.
2026-03-16 13:42:32,735 - default_logger - DEBUG - Update current game variables.
2026-03-16 13:42:32,776 - default_logger - DEBUG - Update current game variables.
2026-03-16 13:42:32,806 - default_logger - DEBUG - Update current game variables.
2026-03-16 13:42:32,837 - default_logger - DEBUG - Update current game variables.
2026-03-16 13:42:32,870 - default_logger - DEBUG - Update current game variables.
2026-03-16 13:42:32,906 - default_logger - DEBUG - Update current game variables.
2026-03-16 13:42:32,936 - default_logger - DEBUG - Update current game variables.
2026-03-16 13:42:32,967 - default_logger - DEBUG - Update current game variables.
2026-03-16 13:42:32,997 - default_logger - DEBUG - Update current game variables.
2026-03-16 13:42:33,029 - default_logger - DEBUG - Update current game variables.
2026-03-16 13:42:33,072 - default_logger - DEBUG - Update current game variables.
2026-03-16 13:42:33,112 - default_logger - DEBUG - Update current game variables.
2026-03-16 13:42:33,162 - default_logger - DEBUG - Update current game variables.
2026-03-16 13:42:33,191 - default_logger - DEBUG - Update current game variables.
2026-03-16 13:42:33,224 - default_logger - DEBUG - Update current game variables.
2026-03-16 13:42:33,258 - default_logger - DEBUG - Update current game variables.
2026-03-16 13:42:33,295 - default_logger - DEBUG - Update current game variables.
2026-03-16 13:42:33,321 - default_logger - DEBUG - Update current game variables.
2026-03-16 13:42:33,357 - default_logger - DEBUG - Update current game variables.
2026-03-16 13:42:33,391 - default_logger - DEBUG - Update current game variables.
2026-03-16 13:42:33,433 - default_logger - DEBUG - Update current game variables.
2026-03-16 13:42:33,460 - default_logger - DEBUG - Update current game variables.
2026-03-16 13:42:33,494 - default_logger - DEBUG - Update current game variables.
2026-03-16 13:42:33,531 - default_logger - DEBUG - Update current game variables.
2026-03-16 13:42:33,567 - default_logger - DEBUG - Update current game variables.
2026-03-16 13:42:33,600 - default_logger - DEBUG - Update current game variables.
2026-03-16 13:42:33,628 - default_logger - DEBUG - Update current game variables.
2026-03-16 13:42:33,664 - default_logger - DEBUG - Update current game variables.
2026-03-16 13:42:33,690 - default_logger - DEBUG - Update current game variables.
2026-03-16 13:42:33,723 - default_logger - DEBUG - Update current game variables.
2026-03-16 13:42:33,760 - default_logger - DEBUG - Update current game variables.
2026-03-16 13:42:33,788 - default_logger - DEBUG - Update current game variables.
2026-03-16 13:42:33,827 - default_logger - DEBUG - Update current game variables.
2026-03-16 13:42:33,858 - default_logger - DEBUG - Update current game variables.
2026-03-16 13:42:33,893 - default_logger - DEBUG - Update current game variables.
2026-03-16 13:42:33,935 - default_logger - DEBUG - Update current game variables.
2026-03-16 13:42:33,974 - default_logger - DEBUG - Update current game variables.
2026-03-16 13:42:34,019 - default_logger - DEBUG - Update current game variables.
2026-03-16 13:42:34,051 - default_logger - DEBUG - Update current game variables.
2026-03-16 13:42:34,078 - default_logger - DEBUG - Update current game variables.
2026-03-16 13:42:34,114 - default_logger - DEBUG - Update current game variables.
2026-03-16 13:42:34,143 - default_logger - DEBUG - Update current game variables.
2026-03-16 13:42:34,176 - default_logger - DEBUG - Update current game variables.
2026-03-16 13:42:34,206 - default_logger - DEBUG - Update current game variables.
2026-03-16 13:42:34,235 - default_logger - DEBUG - Update current game variables.
2026-03-16 13:42:34,266 - default_logger - DEBUG - Update current game variables.
2026-03-16 13:42:34,308 - default_logger - DEBUG - Update current game variables.
2026-03-16 13:42:34,344 - default_logger - DEBUG - Update current game variables.
2026-03-16 13:42:34,377 - default_logger - DEBUG - Update current game variables.
2026-03-16 13:42:34,411 - default_logger - DEBUG - Update current game variables.
2026-03-16 13:42:34,440 - default_logger - DEBUG - Update current game variables.
2026-03-16 13:42:34,474 - default_logger - DEBUG - Update current game variables.
2026-03-16 13:42:34,502 - default_logger - DEBUG - Update current game variables.
2026-03-16 13:42:34,537 - default_logger - DEBUG - Update current game variables.
2026-03-16 13:42:34,572 - default_logger - DEBUG - Update current game variables.
2026-03-16 13:42:34,606 - default_logger - DEBUG - Update current game variables.
2026-03-16 13:42:34,641 - default_logger - DEBUG - Update current game variables.
2026-03-16 13:42:34,680 - default_logger - DEBUG - Update current game variables.
2026-03-16 13:42:34,712 - default_logger - DEBUG - Update current game variables.
2026-03-16 13:42:34,744 - default_logger - DEBUG - Update current game variables.
2026-03-16 13:42:34,784 - default_logger - DEBUG - Update current game variables.
2026-03-16 13:42:34,821 - default_logger - DEBUG - Update current game variables.
2026-03-16 13:42:34,864 - default_logger - DEBUG - Update current game variables.
2026-03-16 13:42:34,905 - default_logger - DEBUG - Update current game variables.
2026-03-16 13:42:34,947 - default_logger - DEBUG - Update current game variables.
2026-03-16 13:42:34,980 - default_logger - DEBUG - Update current game variables.
2026-03-16 13:42:35,015 - default_logger - DEBUG - Update current game variables.
2026-03-16 13:42:35,057 - default_logger - DEBUG - Update current game variables.
2026-03-16 13:42:35,090 - default_logger - DEBUG - Update current game variables.
2026-03-16 13:42:35,121 - default_logger - DEBUG - Update current game variables.
2026-03-16 13:42:35,155 - default_logger - DEBUG - Update current game variables.
2026-03-16 13:42:35,190 - default_logger - DEBUG - Update current game variables.
2026-03-16 13:42:35,225 - default_logger - DEBUG - Update current game variables.
2026-03-16 13:42:35,260 - default_logger - DEBUG - Update current game variables.
2026-03-16 13:42:35,296 - default_logger - DEBUG - Update current game variables.
2026-03-16 13:42:35,339 - default_logger - DEBUG - Update current game variables.
2026-03-16 13:42:35,370 - default_logger - DEBUG - Update current game variables.
2026-03-16 13:42:35,406 - default_logger - DEBUG - Update current game variables.
2026-03-16 13:42:35,437 - default_logger - DEBUG - Update current game variables.
2026-03-16 13:42:35,482 - default_logger - DEBUG - Update current game variables.
2026-03-16 13:42:35,517 - default_logger - DEBUG - Update current game variables.
2026-03-16 13:42:35,561 - default_logger - DEBUG - Update current game variables.
2026-03-16 13:42:35,604 - default_logger - DEBUG - Update current game variables.
2026-03-16 13:42:35,635 - default_logger - DEBUG - Update current game variables.
2026-03-16 13:42:35,665 - default_logger - DEBUG - Update current game variables.
2026-03-16 13:42:35,707 - default_logger - DEBUG - Update current game variables.
2026-03-16 13:42:35,740 - default_logger - DEBUG - Update current game variables.
2026-03-16 13:42:35,771 - default_logger - DEBUG - Update current game variables.
2026-03-16 13:42:35,802 - default_logger - DEBUG - Update current game variables.
2026-03-16 13:42:35,834 - default_logger - DEBUG - Update current game variables.
2026-03-16 13:42:35,870 - default_logger - DEBUG - Update current game variables.
2026-03-16 13:42:35,907 - default_logger - DEBUG - Update current game variables.
2026-03-16 13:42:35,941 - default_logger - DEBUG - Update current game variables.
2026-03-16 13:42:35,979 - default_logger - DEBUG - Update current game variables.
2026-03-16 13:42:36,016 - default_logger - DEBUG - Update current game variables.
2026-03-16 13:42:36,046 - default_logger - DEBUG - Update current game variables.
2026-03-16 13:42:36,075 - default_logger - DEBUG - Update current game variables.
2026-03-16 13:42:36,118 - default_logger - DEBUG - Update current game variables.
2026-03-16 13:42:36,163 - default_logger - DEBUG - Update current game variables.
2026-03-16 13:42:36,197 - default_logger - DEBUG - Update current game variables.
2026-03-16 13:42:36,228 - default_logger - DEBUG - Update current game variables.
2026-03-16 13:42:36,260 - default_logger - DEBUG - Update current game variables.
2026-03-16 13:42:36,296 - default_logger - DEBUG - Update current game variables.
2026-03-16 13:42:36,324 - default_logger - DEBUG - Update current game variables.
2026-03-16 13:42:36,358 - default_logger - DEBUG - Update current game variables.
2026-03-16 13:42:36,393 - default_logger - DEBUG - Update current game variables.
2026-03-16 13:42:36,426 - default_logger - DEBUG - Update current game variables.
2026-03-16 13:42:36,455 - default_logger - DEBUG - Update current game variables.
2026-03-16 13:42:36,489 - default_logger - DEBUG - Update current game variables.
2026-03-16 13:42:36,529 - default_logger - DEBUG - Update current game variables.
2026-03-16 13:42:36,568 - default_logger - DEBUG - Update current game variables.
2026-03-16 13:42:36,594 - default_logger - DEBUG - Update current game variables.
2026-03-16 13:42:36,628 - default_logger - DEBUG - Update current game variables.
2026-03-16 13:42:36,662 - default_logger - DEBUG - Update current game variables.
2026-03-16 13:42:36,691 - default_logger - DEBUG - Update current game variables.
2026-03-16 13:42:36,725 - default_logger - DEBUG - Update current game variables.
2026-03-16 13:42:36,754 - default_logger - DEBUG - Update current game variables.
2026-03-16 13:42:36,798 - default_logger - DEBUG - Update current game variables.
2026-03-16 13:42:36,850 - default_logger - DEBUG - Update current game variables.
2026-03-16 13:42:36,891 - default_logger - DEBUG - Update current game variables.
2026-03-16 13:42:36,922 - default_logger - DEBUG - Update current game variables.
2026-03-16 13:42:36,955 - default_logger - DEBUG - Update current game variables.
2026-03-16 13:42:36,982 - default_logger - DEBUG - Update current game variables.
2026-03-16 13:42:37,030 - default_logger - DEBUG - Update current game variables.
2026-03-16 13:42:37,059 - default_logger - DEBUG - Update current game variables.
2026-03-16 13:42:37,094 - default_logger - DEBUG - Update current game variables.
2026-03-16 13:42:37,129 - default_logger - DEBUG - Update current game variables.
2026-03-16 13:42:37,172 - default_logger - DEBUG - Update current game variables.
2026-03-16 13:42:37,200 - default_logger - DEBUG - Update current game variables.
2026-03-16 13:42:37,240 - default_logger - DEBUG - Update current game variables.
2026-03-16 13:42:37,274 - default_logger - DEBUG - Update current game variables.
2026-03-16 13:42:37,308 - default_logger - DEBUG - Update current game variables.
2026-03-16 13:42:37,344 - default_logger - DEBUG - Update current game variables.
2026-03-16 13:42:37,380 - default_logger - DEBUG - Update current game variables.
2026-03-16 13:42:37,420 - default_logger - DEBUG - Update current game variables.
2026-03-16 13:42:37,453 - default_logger - DEBUG - Update current game variables.
2026-03-16 13:42:37,483 - default_logger - DEBUG - Update current game variables.
2026-03-16 13:42:37,515 - default_logger - DEBUG - Update current game variables.
2026-03-16 13:42:37,546 - default_logger - DEBUG - Update current game variables.
2026-03-16 13:42:37,576 - default_logger - DEBUG - Update current game variables.
2026-03-16 13:42:37,602 - default_logger - DEBUG - Update current game variables.
2026-03-16 13:42:37,636 - default_logger - DEBUG - Update current game variables.
2026-03-16 13:42:37,669 - default_logger - DEBUG - Update current game variables.
2026-03-16 13:42:37,700 - default_logger - DEBUG - Update current game variables.
2026-03-16 13:42:37,739 - default_logger - DEBUG - Update current game variables.
2026-03-16 13:42:37,770 - default_logger - DEBUG - Update current game variables.
2026-03-16 13:42:37,803 - default_logger - DEBUG - Update current game variables.
2026-03-16 13:42:37,837 - default_logger - DEBUG - Update current game variables.
2026-03-16 13:42:37,867 - default_logger - DEBUG - Update current game variables.
2026-03-16 13:42:37,907 - default_logger - DEBUG - Update current game variables.
2026-03-16 13:42:37,948 - default_logger - DEBUG - Update current game variables.
2026-03-16 13:42:37,979 - default_logger - DEBUG - Update current game variables.
2026-03-16 13:42:38,014 - default_logger - DEBUG - Update current game variables.
2026-03-16 13:42:38,047 - default_logger - DEBUG - Update current game variables.
2026-03-16 13:42:38,082 - default_logger - DEBUG - Update current game variables.
2026-03-16 13:42:38,122 - default_logger - DEBUG - Update current game variables.
2026-03-16 13:42:38,156 - default_logger - DEBUG - Update current game variables.
2026-03-16 13:42:38,192 - default_logger - DEBUG - Update current game variables.
2026-03-16 13:42:38,229 - default_logger - DEBUG - Update current game variables.
2026-03-16 13:42:38,261 - default_logger - DEBUG - Update current game variables.
2026-03-16 13:42:38,303 - default_logger - DEBUG - Update current game variables.
2026-03-16 13:42:38,332 - default_logger - DEBUG - Update current game variables.
2026-03-16 13:42:38,378 - default_logger - DEBUG - Update current game variables.
2026-03-16 13:42:38,413 - default_logger - DEBUG - Update current game variables.
2026-03-16 13:42:38,441 - default_logger - DEBUG - Update current game variables.
2026-03-16 13:42:38,477 - default_logger - DEBUG - Update current game variables.
2026-03-16 13:42:38,521 - default_logger - DEBUG - Update current game variables.
2026-03-16 13:42:38,574 - default_logger - DEBUG - Update current game variables.
2026-03-16 13:42:38,610 - default_logger - DEBUG - Update current game variables.
2026-03-16 13:42:38,637 - default_logger - DEBUG - Update current game variables.
2026-03-16 13:42:38,674 - default_logger - DEBUG - Update current game variables.
2026-03-16 13:42:38,715 - default_logger - DEBUG - Update current game variables.
2026-03-16 13:42:38,754 - default_logger - DEBUG - Update current game variables.
2026-03-16 13:42:38,797 - default_logger - DEBUG - Update current game variables.
2026-03-16 13:42:38,830 - default_logger - DEBUG - Update current game variables.
2026-03-16 13:42:38,865 - default_logger - DEBUG - Update current game variables.
2026-03-16 13:42:38,900 - default_logger - DEBUG - Update current game variables.
2026-03-16 13:42:38,934 - default_logger - DEBUG - Update current game variables.
2026-03-16 13:42:38,975 - default_logger - DEBUG - Update current game variables.
2026-03-16 13:42:39,005 - default_logger - DEBUG - Update current game variables.
2026-03-16 13:42:39,046 - default_logger - DEBUG - Update current game variables.
2026-03-16 13:42:39,081 - default_logger - DEBUG - Update current game variables.
2026-03-16 13:42:39,110 - default_logger - DEBUG - Update current game variables.
2026-03-16 13:42:39,137 - default_logger - DEBUG - Update current game variables.
2026-03-16 13:42:39,177 - default_logger - DEBUG - Update current game variables.
2026-03-16 13:42:39,212 - default_logger - DEBUG - Update current game variables.
2026-03-16 13:42:39,245 - default_logger - DEBUG - Update current game variables.
2026-03-16 13:42:39,288 - default_logger - DEBUG - Update current game variables.
2026-03-16 13:42:39,317 - default_logger - DEBUG - Update current game variables.
2026-03-16 13:42:39,351 - default_logger - DEBUG - Update current game variables.
2026-03-16 13:42:39,385 - default_logger - DEBUG - Update current game variables.
2026-03-16 13:42:39,420 - default_logger - DEBUG - Update current game variables.
2026-03-16 13:42:39,449 - default_logger - DEBUG - Update current game variables.
2026-03-16 13:42:39,481 - default_logger - DEBUG - Update current game variables.
2026-03-16 13:42:39,514 - default_logger - DEBUG - Update current game variables.
2026-03-16 13:42:39,544 - default_logger - DEBUG - Update current game variables.
2026-03-16 13:42:39,577 - default_logger - DEBUG - Update current game variables.
2026-03-16 13:42:39,607 - default_logger - DEBUG - Update current game variables.
2026-03-16 13:42:39,642 - default_logger - DEBUG - Update current game variables.
2026-03-16 13:42:39,673 - default_logger - DEBUG - Update current game variables.
2026-03-16 13:42:39,703 - default_logger - DEBUG - Update current game variables.
2026-03-16 13:42:39,743 - default_logger - DEBUG - Update current game variables.
2026-03-16 13:42:39,777 - default_logger - DEBUG - Update current game variables.
2026-03-16 13:42:39,812 - default_logger - DEBUG - Update current game variables.
2026-03-16 13:42:39,855 - default_logger - DEBUG - Update current game variables.
2026-03-16 13:42:39,886 - default_logger - DEBUG - Update current game variables.
2026-03-16 13:42:39,921 - default_logger - DEBUG - Update current game variables.
2026-03-16 13:42:39,955 - default_logger - DEBUG - Update current game variables.
2026-03-16 13:42:39,984 - default_logger - DEBUG - Update current game variables.
2026-03-16 13:42:40,014 - default_logger - DEBUG - Update current game variables.
2026-03-16 13:42:40,043 - default_logger - DEBUG - Update current game variables.
2026-03-16 13:42:40,080 - default_logger - DEBUG - Update current game variables.
2026-03-16 13:42:40,115 - default_logger - DEBUG - Update current game variables.
2026-03-16 13:42:40,144 - default_logger - DEBUG - Update current game variables.
2026-03-16 13:42:40,173 - default_logger - DEBUG - Update current game variables.
2026-03-16 13:42:40,203 - default_logger - DEBUG - Update current game variables.
2026-03-16 13:42:40,238 - default_logger - DEBUG - Update current game variables.
2026-03-16 13:42:40,274 - default_logger - DEBUG - Update current game variables.
2026-03-16 13:42:40,310 - default_logger - DEBUG - Update current game variables.
2026-03-16 13:42:40,346 - default_logger - DEBUG - Update current game variables.
2026-03-16 13:42:40,380 - default_logger - DEBUG - Update current game variables.
2026-03-16 13:42:40,421 - default_logger - DEBUG - Update current game variables.
2026-03-16 13:42:40,463 - default_logger - DEBUG - Update current game variables.
2026-03-16 13:42:40,494 - default_logger - DEBUG - Update current game variables.
2026-03-16 13:42:40,528 - default_logger - DEBUG - Update current game variables.
2026-03-16 13:42:40,564 - default_logger - DEBUG - Update current game variables.
2026-03-16 13:42:40,601 - default_logger - DEBUG - Update current game variables.
2026-03-16 13:42:40,635 - default_logger - DEBUG - Update current game variables.
